-- phpMyAdmin SQL Dump
-- version 5.2.1
-- https://www.phpmyadmin.net/
--
-- Host: 127.0.0.1
-- Generation Time: Jun 15, 2025 at 07:55 AM
-- Server version: 10.4.32-MariaDB
-- PHP Version: 8.2.12

SET SQL_MODE = "NO_AUTO_VALUE_ON_ZERO";
START TRANSACTION;
SET time_zone = "+00:00";


/*!40101 SET @OLD_CHARACTER_SET_CLIENT=@@CHARACTER_SET_CLIENT */;
/*!40101 SET @OLD_CHARACTER_SET_RESULTS=@@CHARACTER_SET_RESULTS */;
/*!40101 SET @OLD_COLLATION_CONNECTION=@@COLLATION_CONNECTION */;
/*!40101 SET NAMES utf8mb4 */;

--
-- Database: `ncrm_db`
--

-- --------------------------------------------------------

--
-- Table structure for table `blocks`
--

CREATE TABLE `blocks` (
  `id` int(11) NOT NULL,
  `name` varchar(100) NOT NULL,
  `add_by` int(11) NOT NULL,
  `district_id` int(11) NOT NULL,
  `created_at` datetime NOT NULL DEFAULT current_timestamp(),
  `updated_at` datetime NOT NULL DEFAULT current_timestamp()
) ENGINE=InnoDB DEFAULT CHARSET=utf8mb4 COLLATE=utf8mb4_unicode_ci;

--
-- Dumping data for table `blocks`
--

INSERT INTO `blocks` (`id`, `name`, `add_by`, `district_id`, `created_at`, `updated_at`) VALUES
(1, 'Achhnera', 1, 1, '2024-08-31 18:12:10', '2024-08-31 18:12:10'),
(2, 'Akola', 1, 1, '2024-08-31 18:12:10', '2024-08-31 18:12:10'),
(3, 'Bah', 1, 1, '2024-08-31 18:12:10', '2024-08-31 18:12:10'),
(4, 'Barauli Ahir', 1, 1, '2024-08-31 18:12:10', '2024-08-31 18:12:10'),
(5, 'Bichpuri', 1, 1, '2024-08-31 18:12:10', '2024-08-31 18:12:10'),
(6, 'Etmadpur', 1, 1, '2024-08-31 18:12:10', '2024-08-31 18:12:10'),
(7, 'Fatehabad', 1, 1, '2024-08-31 18:12:10', '2024-08-31 18:12:10'),
(8, 'Fatehpur Sikri', 1, 1, '2024-08-31 18:12:10', '2024-08-31 18:12:10'),
(9, 'Jagner', 1, 1, '2024-08-31 18:12:10', '2024-08-31 18:12:10'),
(10, 'Jaitpur Kalan', 1, 1, '2024-08-31 18:12:10', '2024-08-31 18:12:10'),
(11, 'Khandauli', 1, 1, '2024-08-31 18:12:10', '2024-08-31 18:12:10'),
(12, 'Kheragarh', 1, 1, '2024-08-31 18:12:10', '2024-08-31 18:12:10'),
(13, 'Pinahat', 1, 1, '2024-08-31 18:12:10', '2024-08-31 18:12:10'),
(14, 'Saiyan', 1, 1, '2024-08-31 18:12:10', '2024-08-31 18:12:10'),
(15, 'Shamsabad', 1, 1, '2024-08-31 18:12:10', '2024-08-31 18:12:10'),
(16, 'Akrabad', 1, 2, '2024-08-31 18:17:08', '2024-08-31 18:17:08'),
(17, 'Atrauli', 1, 2, '2024-08-31 18:17:08', '2024-08-31 18:17:08'),
(18, 'Bijauli', 1, 2, '2024-08-31 18:17:08', '2024-08-31 18:17:08'),
(19, 'Chandaus', 1, 2, '2024-08-31 18:17:08', '2024-08-31 18:17:08'),
(20, 'Dhanipur', 1, 2, '2024-08-31 18:17:08', '2024-08-31 18:17:08'),
(21, 'Gangiri', 1, 2, '2024-08-31 18:17:08', '2024-08-31 18:17:08'),
(22, 'Gonda', 1, 2, '2024-08-31 18:17:08', '2024-08-31 18:17:08'),
(23, 'Iglas', 1, 2, '2024-08-31 18:17:08', '2024-08-31 18:17:08'),
(24, 'Jawan Sikanderpur', 1, 2, '2024-08-31 18:17:08', '2024-08-31 18:17:08'),
(25, 'Khair', 1, 2, '2024-08-31 18:17:08', '2024-08-31 18:17:08'),
(26, 'Lodha', 1, 2, '2024-08-31 18:17:08', '2024-08-31 18:17:08'),
(27, 'Tappal', 1, 2, '2024-08-31 18:17:08', '2024-08-31 18:17:08'),
(28, 'Akbarpur', 1, 3, '2024-08-31 18:57:55', '2024-08-31 18:57:55'),
(29, 'Baskhari', 1, 3, '2024-08-31 18:57:55', '2024-08-31 18:57:55'),
(30, 'Bhiti', 1, 3, '2024-08-31 18:57:55', '2024-08-31 18:57:55'),
(31, 'Bhiyawan', 1, 3, '2024-08-31 18:57:55', '2024-08-31 18:57:55'),
(32, 'Jahangir Ganj', 1, 3, '2024-08-31 18:57:55', '2024-08-31 18:57:55'),
(33, 'Jalal Pur', 1, 3, '2024-08-31 18:57:55', '2024-08-31 18:57:55'),
(34, 'Katehari', 1, 3, '2024-08-31 18:57:55', '2024-08-31 18:57:55'),
(35, 'Ram Nagar', 1, 3, '2024-08-31 18:57:55', '2024-08-31 18:57:55'),
(36, 'Tanda', 1, 3, '2024-08-31 18:57:55', '2024-08-31 18:57:55'),
(37, 'Amethi', 1, 4, '2024-08-31 19:03:30', '2024-08-31 19:03:30'),
(38, 'Bahadurpur', 1, 4, '2024-08-31 19:03:30', '2024-08-31 19:03:30'),
(39, 'Bhadar', 1, 4, '2024-08-31 19:03:30', '2024-08-31 19:03:30'),
(40, 'Bhetua', 1, 4, '2024-08-31 19:03:30', '2024-08-31 19:03:30'),
(41, 'Gauriganj', 1, 4, '2024-08-31 19:03:30', '2024-08-31 19:03:30'),
(42, 'Jagdishpur', 1, 4, '2024-08-31 19:03:30', '2024-08-31 19:03:30'),
(43, 'Jamo', 1, 4, '2024-08-31 19:03:30', '2024-08-31 19:03:30'),
(44, 'Musafir Khana', 1, 4, '2024-08-31 19:03:30', '2024-08-31 19:03:30'),
(45, 'Sangrampur', 1, 4, '2024-08-31 19:03:30', '2024-08-31 19:03:30'),
(46, 'Shahgarh', 1, 4, '2024-08-31 19:03:30', '2024-08-31 19:03:30'),
(47, 'Shukul Bazar', 1, 4, '2024-08-31 19:03:30', '2024-08-31 19:03:30'),
(48, 'Singhpur', 1, 4, '2024-08-31 19:03:30', '2024-08-31 19:03:30'),
(49, 'Tiloi', 1, 4, '2024-08-31 19:03:30', '2024-08-31 19:03:30'),
(50, 'Amroha', 1, 5, '2024-08-31 19:05:59', '2024-08-31 19:05:59'),
(51, 'Dhanaura', 1, 5, '2024-08-31 19:05:59', '2024-08-31 19:05:59'),
(52, 'Gajraula', 1, 5, '2024-08-31 19:05:59', '2024-08-31 19:05:59'),
(53, 'Gangeshwari', 1, 5, '2024-08-31 19:05:59', '2024-08-31 19:05:59'),
(54, 'Hasanpur', 1, 5, '2024-08-31 19:05:59', '2024-08-31 19:05:59'),
(55, 'Joya', 1, 5, '2024-08-31 19:05:59', '2024-08-31 19:05:59'),
(56, 'Achchalda', 1, 6, '2024-08-31 19:07:30', '2024-08-31 19:07:30'),
(57, 'Ajitmal', 1, 6, '2024-08-31 19:07:30', '2024-08-31 19:07:30'),
(58, 'Auraiya', 1, 6, '2024-08-31 19:07:30', '2024-08-31 19:07:30'),
(59, 'Bhagyanagar', 1, 6, '2024-08-31 19:07:30', '2024-08-31 19:07:30'),
(60, 'Bidhuna', 1, 6, '2024-08-31 19:07:30', '2024-08-31 19:07:30'),
(61, 'Erwa Katra', 1, 6, '2024-08-31 19:07:30', '2024-08-31 19:07:30'),
(62, 'Sahar', 1, 6, '2024-08-31 19:07:30', '2024-08-31 19:07:30'),
(63, 'Amaniganj', 1, 7, '2024-08-31 19:08:13', '2024-08-31 19:08:13'),
(64, 'Bikapur', 1, 7, '2024-08-31 19:08:13', '2024-08-31 19:08:13'),
(65, 'Hariyangatanganj', 1, 7, '2024-08-31 19:08:13', '2024-08-31 19:08:13'),
(66, 'Masodha', 1, 7, '2024-08-31 19:08:13', '2024-08-31 19:08:13'),
(67, 'Mawai', 1, 7, '2024-08-31 19:08:13', '2024-08-31 19:08:13'),
(68, 'Maya Bazar', 1, 7, '2024-08-31 19:08:13', '2024-08-31 19:08:13'),
(69, 'Milkipur', 1, 7, '2024-08-31 19:08:13', '2024-08-31 19:08:13'),
(70, 'Pura Bazar', 1, 7, '2024-08-31 19:08:13', '2024-08-31 19:08:13'),
(71, 'Rudauli', 1, 7, '2024-08-31 19:08:13', '2024-08-31 19:08:13'),
(72, 'Sohawal', 1, 7, '2024-08-31 19:08:13', '2024-08-31 19:08:13'),
(73, 'Tarun', 1, 7, '2024-08-31 19:08:13', '2024-08-31 19:08:13'),
(85, 'Ahiraula', 1, 8, '2024-08-31 19:11:49', '2024-08-31 19:11:49'),
(86, 'Atraulia', 1, 8, '2024-08-31 19:11:49', '2024-08-31 19:11:49'),
(87, 'Azmatgarh', 1, 8, '2024-08-31 19:11:49', '2024-08-31 19:11:49'),
(88, 'Bilariyaganj', 1, 8, '2024-08-31 19:11:49', '2024-08-31 19:11:49'),
(89, 'Haraiya', 1, 8, '2024-08-31 19:11:49', '2024-08-31 19:11:49'),
(90, 'Jahanaganj', 1, 8, '2024-08-31 19:11:49', '2024-08-31 19:11:49'),
(91, 'Koilsa', 1, 8, '2024-08-31 19:11:49', '2024-08-31 19:11:49'),
(92, 'Lalganj', 1, 8, '2024-08-31 19:11:49', '2024-08-31 19:11:49'),
(93, 'Mahrajganj', 1, 8, '2024-08-31 19:11:49', '2024-08-31 19:11:49'),
(94, 'Martinganj', 1, 8, '2024-08-31 19:11:49', '2024-08-31 19:11:49'),
(95, 'Mehnagar', 1, 8, '2024-08-31 19:11:49', '2024-08-31 19:11:49'),
(96, 'Mirzapur', 1, 8, '2024-08-31 19:11:49', '2024-08-31 19:11:49'),
(97, 'Mohammadpur', 1, 8, '2024-08-31 19:11:49', '2024-08-31 19:11:49'),
(98, 'Palhana', 1, 8, '2024-08-31 19:11:49', '2024-08-31 19:11:49'),
(99, 'Palhani', 1, 8, '2024-08-31 19:11:49', '2024-08-31 19:11:49'),
(100, 'Pawai', 1, 8, '2024-08-31 19:11:49', '2024-08-31 19:11:49'),
(101, 'Phulpur', 1, 8, '2024-08-31 19:11:49', '2024-08-31 19:11:49'),
(102, 'Rani Ki Sarai', 1, 8, '2024-08-31 19:11:49', '2024-08-31 19:11:49'),
(103, 'Sathiyaon', 1, 8, '2024-08-31 19:11:49', '2024-08-31 19:11:49'),
(104, 'Tahbarpur', 1, 8, '2024-08-31 19:11:49', '2024-08-31 19:11:49'),
(105, 'Tarwa', 1, 8, '2024-08-31 19:11:49', '2024-08-31 19:11:49'),
(106, 'Thekma', 1, 8, '2024-08-31 19:11:49', '2024-08-31 19:11:49'),
(107, 'Baghpat', 1, 9, '2024-08-31 19:32:16', '2024-08-31 19:32:16'),
(108, 'Baraut', 1, 9, '2024-08-31 19:32:16', '2024-08-31 19:32:16'),
(109, 'Binauli', 1, 9, '2024-08-31 19:32:16', '2024-08-31 19:32:16'),
(110, 'Chhaprauli', 1, 9, '2024-08-31 19:32:16', '2024-08-31 19:32:16'),
(111, 'Khekra', 1, 9, '2024-08-31 19:32:16', '2024-08-31 19:32:16'),
(112, 'Pilana', 1, 9, '2024-08-31 19:32:16', '2024-08-31 19:32:16'),
(113, 'Balaha', 1, 10, '2024-08-31 19:51:44', '2024-08-31 19:51:44'),
(114, 'Chitaura', 1, 10, '2024-08-31 19:51:44', '2024-08-31 19:51:44'),
(115, 'Huzoorpur', 1, 10, '2024-08-31 19:51:44', '2024-08-31 19:51:44'),
(116, 'Jarwal', 1, 10, '2024-08-31 19:51:44', '2024-08-31 19:51:44'),
(117, 'Kaisarganj', 1, 10, '2024-08-31 19:51:44', '2024-08-31 19:51:44'),
(118, 'Mahasi', 1, 10, '2024-08-31 19:51:44', '2024-08-31 19:51:44'),
(119, 'Mihinpurwa', 1, 10, '2024-08-31 19:51:44', '2024-08-31 19:51:44'),
(120, 'Nawabganj', 1, 10, '2024-08-31 19:51:44', '2024-08-31 19:51:44'),
(121, 'Payagpur', 1, 10, '2024-08-31 19:51:44', '2024-08-31 19:51:44'),
(122, 'Phakharpur', 1, 10, '2024-08-31 19:51:44', '2024-08-31 19:51:44'),
(123, 'Risia', 1, 10, '2024-08-31 19:51:44', '2024-08-31 19:51:44'),
(124, 'Shivpur', 1, 10, '2024-08-31 19:51:44', '2024-08-31 19:51:44'),
(125, 'Tejwapur', 1, 10, '2024-08-31 19:51:44', '2024-08-31 19:51:44'),
(126, 'Visheshwarganj', 1, 10, '2024-08-31 19:51:44', '2024-08-31 19:51:44'),
(127, 'Bairia', 1, 11, '2024-08-31 19:52:51', '2024-08-31 19:52:51'),
(128, 'Bansdih', 1, 11, '2024-08-31 19:52:51', '2024-08-31 19:52:51'),
(129, 'Belhari', 1, 11, '2024-08-31 19:52:51', '2024-08-31 19:52:51'),
(130, 'Beruarbari', 1, 11, '2024-08-31 19:52:51', '2024-08-31 19:52:51'),
(131, 'Chilkahar', 1, 11, '2024-08-31 19:52:51', '2024-08-31 19:52:51'),
(132, 'Dubhar', 1, 11, '2024-08-31 19:52:51', '2024-08-31 19:52:51'),
(133, 'Garwar', 1, 11, '2024-08-31 19:52:51', '2024-08-31 19:52:51'),
(134, 'Hanumanganj', 1, 11, '2024-08-31 19:52:51', '2024-08-31 19:52:51'),
(135, 'Maniar', 1, 11, '2024-08-31 19:52:51', '2024-08-31 19:52:51'),
(136, 'Murlichhapra', 1, 11, '2024-08-31 19:52:51', '2024-08-31 19:52:51'),
(137, 'Nagra', 1, 11, '2024-08-31 19:52:51', '2024-08-31 19:52:51'),
(138, 'Navanagar', 1, 11, '2024-08-31 19:52:51', '2024-08-31 19:52:51'),
(139, 'Pandah', 1, 11, '2024-08-31 19:52:51', '2024-08-31 19:52:51'),
(140, 'Rasra', 1, 11, '2024-08-31 19:52:51', '2024-08-31 19:52:51'),
(141, 'Reoti', 1, 11, '2024-08-31 19:52:51', '2024-08-31 19:52:51'),
(142, 'Siar', 1, 11, '2024-08-31 19:52:51', '2024-08-31 19:52:51'),
(143, 'Sohanv', 1, 11, '2024-08-31 19:52:51', '2024-08-31 19:52:51'),
(144, 'Balrampur', 1, 12, '2024-08-31 19:54:32', '2024-08-31 19:54:32'),
(145, 'Gaindas Bujurg', 1, 12, '2024-08-31 19:54:32', '2024-08-31 19:54:32'),
(146, 'Gaisri', 1, 12, '2024-08-31 19:54:32', '2024-08-31 19:54:32'),
(147, 'Harriya Satgharwa', 1, 12, '2024-08-31 19:54:32', '2024-08-31 19:54:32'),
(148, 'Pachpedwa', 1, 12, '2024-08-31 19:54:32', '2024-08-31 19:54:32'),
(149, 'Rehera Bazaar', 1, 12, '2024-08-31 19:54:32', '2024-08-31 19:54:32'),
(150, 'Shriduttganj', 1, 12, '2024-08-31 19:54:32', '2024-08-31 19:54:32'),
(151, 'Tulsipur', 1, 12, '2024-08-31 19:54:32', '2024-08-31 19:54:32'),
(152, 'Utraula', 1, 12, '2024-08-31 19:54:32', '2024-08-31 19:54:32'),
(153, 'Baberu', 1, 13, '2024-08-31 19:55:47', '2024-08-31 19:55:47'),
(154, 'Badokhar Khurd', 1, 13, '2024-08-31 19:55:47', '2024-08-31 19:55:47'),
(155, 'Bisanda', 1, 13, '2024-08-31 19:55:47', '2024-08-31 19:55:47'),
(156, 'Jaspura', 1, 13, '2024-08-31 19:55:47', '2024-08-31 19:55:47'),
(157, 'Kamasin', 1, 13, '2024-08-31 19:55:47', '2024-08-31 19:55:47'),
(158, 'Mahuva', 1, 13, '2024-08-31 19:55:47', '2024-08-31 19:55:47'),
(159, 'Naraini', 1, 13, '2024-08-31 19:55:47', '2024-08-31 19:55:47'),
(160, 'Tindwari', 1, 13, '2024-08-31 19:55:47', '2024-08-31 19:55:47'),
(161, 'Bani Kodar', 1, 14, '2024-08-31 19:56:51', '2024-08-31 19:56:51'),
(162, 'Banki', 1, 14, '2024-08-31 19:56:51', '2024-08-31 19:56:51'),
(163, 'Dariyabad', 1, 14, '2024-08-31 19:56:51', '2024-08-31 19:56:51'),
(164, 'Dewa', 1, 14, '2024-08-31 19:56:51', '2024-08-31 19:56:51'),
(165, 'Fatehpur', 1, 14, '2024-08-31 19:56:51', '2024-08-31 19:56:51'),
(166, 'Haidargarh', 1, 14, '2024-08-31 19:56:51', '2024-08-31 19:56:51'),
(167, 'Harakh', 1, 14, '2024-08-31 19:56:51', '2024-08-31 19:56:51'),
(168, 'Masauli', 1, 14, '2024-08-31 19:56:51', '2024-08-31 19:56:51'),
(169, 'Nindaura', 1, 14, '2024-08-31 19:56:51', '2024-08-31 19:56:51'),
(170, 'Puredalai', 1, 14, '2024-08-31 19:56:51', '2024-08-31 19:56:51'),
(171, 'Ramnagar', 1, 14, '2024-08-31 19:56:51', '2024-08-31 19:56:51'),
(172, 'Sidhaur', 1, 14, '2024-08-31 19:56:51', '2024-08-31 19:56:51'),
(173, 'Sirauli Gauspur', 1, 14, '2024-08-31 19:56:51', '2024-08-31 19:56:51'),
(174, 'Suratganj', 1, 14, '2024-08-31 19:56:51', '2024-08-31 19:56:51'),
(175, 'Trivediganj', 1, 14, '2024-08-31 19:56:51', '2024-08-31 19:56:51'),
(176, 'Aalampur Jafarabad', 1, 15, '2024-08-31 20:06:46', '2024-08-31 20:06:46'),
(177, 'Baheri', 1, 15, '2024-08-31 20:06:46', '2024-08-31 20:06:46'),
(178, 'Bhadpura', 1, 15, '2024-08-31 20:06:46', '2024-08-31 20:06:46'),
(179, 'Bhojipura', 1, 15, '2024-08-31 20:06:46', '2024-08-31 20:06:46'),
(180, 'Bhuta', 1, 15, '2024-08-31 20:06:46', '2024-08-31 20:06:46'),
(181, 'Bithiri Chainpur', 1, 15, '2024-08-31 20:06:46', '2024-08-31 20:06:46'),
(182, 'Damkhauda', 1, 15, '2024-08-31 20:06:46', '2024-08-31 20:06:46'),
(183, 'Faridpur', 1, 15, '2024-08-31 20:06:46', '2024-08-31 20:06:46'),
(184, 'Fatehganj West', 1, 15, '2024-08-31 20:06:46', '2024-08-31 20:06:46'),
(185, 'Kyara', 1, 15, '2024-08-31 20:06:46', '2024-08-31 20:06:46'),
(186, 'Majhgawan', 1, 15, '2024-08-31 20:06:46', '2024-08-31 20:06:46'),
(187, 'Mirganj', 1, 15, '2024-08-31 20:06:46', '2024-08-31 20:06:46'),
(188, 'Nawabganj', 1, 15, '2024-08-31 20:06:46', '2024-08-31 20:06:46'),
(189, 'Ramnagar', 1, 15, '2024-08-31 20:06:46', '2024-08-31 20:06:46'),
(190, 'Shergarh', 1, 15, '2024-08-31 20:06:46', '2024-08-31 20:06:46'),
(191, 'Bahadurpur', 1, 16, '2024-08-31 20:07:56', '2024-08-31 20:07:56'),
(192, 'Bankati', 1, 16, '2024-08-31 20:07:56', '2024-08-31 20:07:56'),
(193, 'Basti', 1, 16, '2024-08-31 20:07:56', '2024-08-31 20:07:56'),
(194, 'Dubauliya', 1, 16, '2024-08-31 20:07:56', '2024-08-31 20:07:56'),
(195, 'Gaur', 1, 16, '2024-08-31 20:07:56', '2024-08-31 20:07:56'),
(196, 'Harraiya', 1, 16, '2024-08-31 20:07:56', '2024-08-31 20:07:56'),
(197, 'Kaptanganj', 1, 16, '2024-08-31 20:07:56', '2024-08-31 20:07:56'),
(198, 'Kudaraha', 1, 16, '2024-08-31 20:07:56', '2024-08-31 20:07:56'),
(199, 'Paras Rampur', 1, 16, '2024-08-31 20:07:56', '2024-08-31 20:07:56'),
(200, 'Ramnagar', 1, 16, '2024-08-31 20:07:56', '2024-08-31 20:07:56'),
(201, 'Rudauli', 1, 16, '2024-08-31 20:07:56', '2024-08-31 20:07:56'),
(202, 'Saltaua Gopal Pur', 1, 16, '2024-08-31 20:07:56', '2024-08-31 20:07:56'),
(203, 'Sau Ghat', 1, 16, '2024-08-31 20:07:56', '2024-08-31 20:07:56'),
(204, 'Vikram Jot', 1, 16, '2024-08-31 20:07:56', '2024-08-31 20:07:56'),
(205, 'Abhauli', 1, 17, '2024-08-31 20:10:57', '2024-08-31 20:10:57'),
(206, 'Aurai', 1, 17, '2024-08-31 20:10:57', '2024-08-31 20:10:57'),
(207, 'Bhadohi', 1, 17, '2024-08-31 20:10:57', '2024-08-31 20:10:57'),
(208, 'Deegh', 1, 17, '2024-08-31 20:10:57', '2024-08-31 20:10:57'),
(209, 'Gyanpur', 1, 17, '2024-08-31 20:10:57', '2024-08-31 20:10:57'),
(210, 'Suriyavan', 1, 17, '2024-08-31 20:10:57', '2024-08-31 20:10:57'),
(211, 'Afzalgarh', 1, 18, '2024-08-31 20:14:31', '2024-08-31 20:14:31'),
(212, 'Budhanpur Seohara', 1, 18, '2024-08-31 20:14:31', '2024-08-31 20:14:31'),
(213, 'Dhampur', 1, 18, '2024-08-31 20:14:31', '2024-08-31 20:14:31'),
(214, 'Haldaur(Khari Jhalu)', 1, 18, '2024-08-31 20:14:31', '2024-08-31 20:14:31'),
(215, 'Jalilpur', 1, 18, '2024-08-31 20:14:31', '2024-08-31 20:14:31'),
(216, 'Kiratpur', 1, 18, '2024-08-31 20:14:31', '2024-08-31 20:14:31'),
(217, 'Kotwali', 1, 18, '2024-08-31 20:14:31', '2024-08-31 20:14:31'),
(218, 'Mohammedpur Deomal', 1, 18, '2024-08-31 20:14:31', '2024-08-31 20:14:31'),
(219, 'Najibabad', 1, 18, '2024-08-31 20:14:31', '2024-08-31 20:14:31'),
(220, 'Nehtaur', 1, 18, '2024-08-31 20:14:31', '2024-08-31 20:14:31'),
(221, 'Noorpur', 1, 18, '2024-08-31 20:14:31', '2024-08-31 20:14:31'),
(222, 'Ambiapur', 1, 19, '2024-08-31 20:16:45', '2024-08-31 20:16:45'),
(223, 'Asafpur', 1, 19, '2024-08-31 20:16:45', '2024-08-31 20:16:45'),
(224, 'Bisauli', 1, 19, '2024-08-31 20:16:45', '2024-08-31 20:16:45'),
(225, 'Dahgavan', 1, 19, '2024-08-31 20:16:45', '2024-08-31 20:16:45'),
(226, 'Dataganj', 1, 19, '2024-08-31 20:16:45', '2024-08-31 20:16:45'),
(227, 'Islamnagar', 1, 19, '2024-08-31 20:16:45', '2024-08-31 20:16:45'),
(228, 'Jagat', 1, 19, '2024-08-31 20:16:45', '2024-08-31 20:16:45'),
(229, 'Mion', 1, 19, '2024-08-31 20:16:45', '2024-08-31 20:16:45'),
(230, 'Qadar Chowk', 1, 19, '2024-08-31 20:16:45', '2024-08-31 20:16:45'),
(231, 'Sahaswan', 1, 19, '2024-08-31 20:16:45', '2024-08-31 20:16:45'),
(232, 'Salarpur', 1, 19, '2024-08-31 20:16:45', '2024-08-31 20:16:45'),
(233, 'Samrer', 1, 19, '2024-08-31 20:16:45', '2024-08-31 20:16:45'),
(234, 'Ujhani', 1, 19, '2024-08-31 20:16:45', '2024-08-31 20:16:45'),
(235, 'Usawan', 1, 19, '2024-08-31 20:16:45', '2024-08-31 20:16:45'),
(236, 'Wazirganj', 1, 19, '2024-08-31 20:16:45', '2024-08-31 20:16:45'),
(237, 'Agauta', 1, 20, '2024-08-31 20:19:32', '2024-08-31 20:19:32'),
(238, 'Anupshahr', 1, 20, '2024-08-31 20:19:32', '2024-08-31 20:19:32'),
(239, 'Araniya', 1, 20, '2024-08-31 20:19:32', '2024-08-31 20:19:32'),
(240, 'Bhawan Bahadur Nagar', 1, 20, '2024-08-31 20:19:32', '2024-08-31 20:19:32'),
(241, 'Bulandshahr', 1, 20, '2024-08-31 20:19:32', '2024-08-31 20:19:32'),
(242, 'Danpur', 1, 20, '2024-08-31 20:19:32', '2024-08-31 20:19:32'),
(243, 'Dibai', 1, 20, '2024-08-31 20:19:32', '2024-08-31 20:19:32'),
(244, 'Gulaothi', 1, 20, '2024-08-31 20:19:32', '2024-08-31 20:19:32'),
(245, 'Jahangirabad', 1, 20, '2024-08-31 20:19:32', '2024-08-31 20:19:32'),
(246, 'Khurja', 1, 20, '2024-08-31 20:19:32', '2024-08-31 20:19:32'),
(247, 'Lakhaothi', 1, 20, '2024-08-31 20:19:32', '2024-08-31 20:19:32'),
(248, 'Pahasu', 1, 20, '2024-08-31 20:19:32', '2024-08-31 20:19:32'),
(249, 'Shikarpur', 1, 20, '2024-08-31 20:19:32', '2024-08-31 20:19:32'),
(250, 'Sikandrabad', 1, 20, '2024-08-31 20:19:32', '2024-08-31 20:19:32'),
(251, 'Syana', 1, 20, '2024-08-31 20:19:32', '2024-08-31 20:19:32'),
(252, 'Unchagaon', 1, 20, '2024-08-31 20:19:32', '2024-08-31 20:19:32'),
(253, 'Berahani', 1, 21, '2024-08-31 20:20:35', '2024-08-31 20:20:35'),
(254, 'Chahniya', 1, 21, '2024-08-31 20:20:35', '2024-08-31 20:20:35'),
(255, 'Chakiya', 1, 21, '2024-08-31 20:20:35', '2024-08-31 20:20:35'),
(256, 'Chandauli', 1, 21, '2024-08-31 20:20:35', '2024-08-31 20:20:35'),
(257, 'Dhanapur', 1, 21, '2024-08-31 20:20:35', '2024-08-31 20:20:35'),
(258, 'Naugarh', 1, 21, '2024-08-31 20:20:35', '2024-08-31 20:20:35'),
(259, 'Niyamatabad', 1, 21, '2024-08-31 20:20:35', '2024-08-31 20:20:35'),
(260, 'Sahabganj', 1, 21, '2024-08-31 20:20:35', '2024-08-31 20:20:35'),
(261, 'Sakaldiha', 1, 21, '2024-08-31 20:20:35', '2024-08-31 20:20:35'),
(262, 'Karwi', 1, 22, '2024-08-31 20:23:34', '2024-08-31 20:23:34'),
(263, 'Manikpur', 1, 22, '2024-08-31 20:23:34', '2024-08-31 20:23:34'),
(264, 'Mau', 1, 22, '2024-08-31 20:23:34', '2024-08-31 20:23:34'),
(265, 'Pahari', 1, 22, '2024-08-31 20:23:34', '2024-08-31 20:23:34'),
(266, 'Ramnagar', 1, 22, '2024-08-31 20:23:34', '2024-08-31 20:23:34'),
(267, 'Baitalpur', 1, 23, '2024-08-31 20:26:22', '2024-08-31 20:26:22'),
(268, 'Bankata', 1, 23, '2024-08-31 20:26:22', '2024-08-31 20:26:22'),
(269, 'Barhaj', 1, 23, '2024-08-31 20:26:22', '2024-08-31 20:26:22'),
(270, 'Bhagalpur', 1, 23, '2024-08-31 20:26:22', '2024-08-31 20:26:22'),
(271, 'Bhaluani', 1, 23, '2024-08-31 20:26:22', '2024-08-31 20:26:22'),
(272, 'Bhatni', 1, 23, '2024-08-31 20:26:22', '2024-08-31 20:26:22'),
(273, 'Bhatpar Rani', 1, 23, '2024-08-31 20:26:22', '2024-08-31 20:26:22'),
(274, 'Deoria Sadar', 1, 23, '2024-08-31 20:26:22', '2024-08-31 20:26:22'),
(275, 'Desai Deoria', 1, 23, '2024-08-31 20:26:22', '2024-08-31 20:26:22'),
(276, 'Gauri Bazar', 1, 23, '2024-08-31 20:26:22', '2024-08-31 20:26:22'),
(277, 'Lar', 1, 23, '2024-08-31 20:26:22', '2024-08-31 20:26:22'),
(278, 'Pathar Dewa', 1, 23, '2024-08-31 20:26:22', '2024-08-31 20:26:22'),
(279, 'Rampur Karkhana', 1, 23, '2024-08-31 20:26:22', '2024-08-31 20:26:22'),
(280, 'Rudrapur', 1, 23, '2024-08-31 20:26:22', '2024-08-31 20:26:22'),
(281, 'Salempur', 1, 23, '2024-08-31 20:26:22', '2024-08-31 20:26:22'),
(282, 'Tarkalua', 1, 23, '2024-08-31 20:26:22', '2024-08-31 20:26:22'),
(283, 'Aliganj', 1, 24, '2024-08-31 20:27:28', '2024-08-31 20:27:28'),
(284, 'Awagarh', 1, 24, '2024-08-31 20:27:28', '2024-08-31 20:27:28'),
(285, 'Jaithara', 1, 24, '2024-08-31 20:27:28', '2024-08-31 20:27:28'),
(286, 'Jalesar', 1, 24, '2024-08-31 20:27:28', '2024-08-31 20:27:28'),
(287, 'Marehra', 1, 24, '2024-08-31 20:27:28', '2024-08-31 20:27:28'),
(288, 'Nidhauli Kalan', 1, 24, '2024-08-31 20:27:28', '2024-08-31 20:27:28'),
(289, 'Sakit', 1, 24, '2024-08-31 20:27:28', '2024-08-31 20:27:28'),
(290, 'Shitalpur', 1, 24, '2024-08-31 20:27:28', '2024-08-31 20:27:28'),
(291, 'Barhpura', 1, 25, '2024-08-31 20:28:34', '2024-08-31 20:28:34'),
(292, 'Basrehar', 1, 25, '2024-08-31 20:28:34', '2024-08-31 20:28:34'),
(293, 'Bharthana', 1, 25, '2024-08-31 20:28:34', '2024-08-31 20:28:34'),
(294, 'Chakarnagar', 1, 25, '2024-08-31 20:28:34', '2024-08-31 20:28:34'),
(295, 'Jaswantnagar', 1, 25, '2024-08-31 20:28:34', '2024-08-31 20:28:34'),
(296, 'Mahewa', 1, 25, '2024-08-31 20:28:34', '2024-08-31 20:28:34'),
(297, 'Sefai', 1, 25, '2024-08-31 20:28:34', '2024-08-31 20:28:34'),
(298, 'Takha', 1, 25, '2024-08-31 20:28:34', '2024-08-31 20:28:34'),
(299, 'Barhpur', 1, 26, '2024-08-31 20:30:08', '2024-08-31 20:30:08'),
(300, 'Kaimganj', 1, 26, '2024-08-31 20:30:08', '2024-08-31 20:30:08'),
(301, 'Kamalganj', 1, 26, '2024-08-31 20:30:08', '2024-08-31 20:30:08'),
(302, 'Mohamdabad', 1, 26, '2024-08-31 20:30:08', '2024-08-31 20:30:08'),
(303, 'Nawabganj', 1, 26, '2024-08-31 20:30:08', '2024-08-31 20:30:08'),
(304, 'Rajepur', 1, 26, '2024-08-31 20:30:08', '2024-08-31 20:30:08'),
(305, 'Shamsabad', 1, 26, '2024-08-31 20:30:08', '2024-08-31 20:30:08'),
(306, 'Airayan', 1, 27, '2024-08-31 20:31:01', '2024-08-31 20:31:01'),
(307, 'Amauli', 1, 27, '2024-08-31 20:31:01', '2024-08-31 20:31:01'),
(308, 'Asothar', 1, 27, '2024-08-31 20:31:01', '2024-08-31 20:31:01'),
(309, 'Bahua', 1, 27, '2024-08-31 20:31:01', '2024-08-31 20:31:01'),
(310, 'Bhitaura', 1, 27, '2024-08-31 20:31:01', '2024-08-31 20:31:01'),
(311, 'Devmai', 1, 27, '2024-08-31 20:31:01', '2024-08-31 20:31:01'),
(312, 'Dhata', 1, 27, '2024-08-31 20:31:01', '2024-08-31 20:31:01'),
(313, 'Haswa', 1, 27, '2024-08-31 20:31:01', '2024-08-31 20:31:01'),
(314, 'Hathgaon', 1, 27, '2024-08-31 20:31:01', '2024-08-31 20:31:01'),
(315, 'Khajuha', 1, 27, '2024-08-31 20:31:01', '2024-08-31 20:31:01'),
(316, 'Malwan', 1, 27, '2024-08-31 20:31:01', '2024-08-31 20:31:01'),
(317, 'Telyani', 1, 27, '2024-08-31 20:31:01', '2024-08-31 20:31:01'),
(318, 'Vijayipur', 1, 27, '2024-08-31 20:31:01', '2024-08-31 20:31:01'),
(319, 'Araon', 1, 28, '2024-08-31 20:32:24', '2024-08-31 20:32:24'),
(320, 'Eka', 1, 28, '2024-08-31 20:32:24', '2024-08-31 20:32:24'),
(321, 'Firozabad', 1, 28, '2024-08-31 20:32:24', '2024-08-31 20:32:24'),
(322, 'Hathwant', 1, 28, '2024-08-31 20:32:24', '2024-08-31 20:32:24'),
(323, 'Jasrana', 1, 28, '2024-08-31 20:32:24', '2024-08-31 20:32:24'),
(324, 'Madanpur', 1, 28, '2024-08-31 20:32:24', '2024-08-31 20:32:24'),
(325, 'Narkhi', 1, 28, '2024-08-31 20:32:24', '2024-08-31 20:32:24'),
(326, 'Shikohabad', 1, 28, '2024-08-31 20:32:24', '2024-08-31 20:32:24'),
(327, 'Tundla', 1, 28, '2024-08-31 20:32:24', '2024-08-31 20:32:24'),
(328, 'Bisrakh', 1, 29, '2024-08-31 20:33:24', '2024-08-31 20:33:24'),
(329, 'Dadri', 1, 29, '2024-08-31 20:33:24', '2024-08-31 20:33:24'),
(330, 'Jewar', 1, 29, '2024-08-31 20:33:24', '2024-08-31 20:33:24'),
(331, 'Bhojpur', 1, 30, '2024-08-31 20:34:01', '2024-08-31 20:34:01'),
(332, 'Loni', 1, 30, '2024-08-31 20:34:01', '2024-08-31 20:34:01'),
(333, 'Muradnagar', 1, 30, '2024-08-31 20:34:01', '2024-08-31 20:34:01'),
(334, 'Rajapur', 1, 30, '2024-08-31 20:34:01', '2024-08-31 20:34:01'),
(335, 'Bhadaura', 1, 31, '2024-08-31 20:34:59', '2024-08-31 20:34:59'),
(336, 'Bhanwarkol', 1, 31, '2024-08-31 20:34:59', '2024-08-31 20:34:59'),
(337, 'Devkali', 1, 31, '2024-08-31 20:34:59', '2024-08-31 20:34:59'),
(338, 'Ghazipur', 1, 31, '2024-08-31 20:34:59', '2024-08-31 20:34:59'),
(339, 'Jakhania', 1, 31, '2024-08-31 20:34:59', '2024-08-31 20:34:59'),
(340, 'Karanda', 1, 31, '2024-08-31 20:34:59', '2024-08-31 20:34:59'),
(341, 'Kasimabad', 1, 31, '2024-08-31 20:34:59', '2024-08-31 20:34:59'),
(342, 'Manihari', 1, 31, '2024-08-31 20:34:59', '2024-08-31 20:34:59'),
(343, 'Mardah', 1, 31, '2024-08-31 20:34:59', '2024-08-31 20:34:59'),
(344, 'Mohammadabad', 1, 31, '2024-08-31 20:34:59', '2024-08-31 20:34:59'),
(345, 'Revatipur', 1, 31, '2024-08-31 20:34:59', '2024-08-31 20:34:59'),
(346, 'Sadat', 1, 31, '2024-08-31 20:34:59', '2024-08-31 20:34:59'),
(347, 'Saidpur', 1, 31, '2024-08-31 20:34:59', '2024-08-31 20:34:59'),
(348, 'Varachakwar', 1, 31, '2024-08-31 20:34:59', '2024-08-31 20:34:59'),
(349, 'Virno', 1, 31, '2024-08-31 20:34:59', '2024-08-31 20:34:59'),
(350, 'Zamania', 1, 31, '2024-08-31 20:34:59', '2024-08-31 20:34:59'),
(351, 'Babhanjot', 1, 32, '2024-08-31 20:39:24', '2024-08-31 20:39:24'),
(352, 'Belsar', 1, 32, '2024-08-31 20:39:24', '2024-08-31 20:39:24'),
(353, 'Chhapia', 1, 32, '2024-08-31 20:39:24', '2024-08-31 20:39:24'),
(354, 'Colonelganj', 1, 32, '2024-08-31 20:39:24', '2024-08-31 20:39:24'),
(355, 'Haldharmau', 1, 32, '2024-08-31 20:39:24', '2024-08-31 20:39:24'),
(356, 'Itiathok', 1, 32, '2024-08-31 20:39:24', '2024-08-31 20:39:24'),
(357, 'Jhanjhari', 1, 32, '2024-08-31 20:39:24', '2024-08-31 20:39:24'),
(358, 'Katra Bazar', 1, 32, '2024-08-31 20:39:24', '2024-08-31 20:39:24'),
(359, 'Mankapur', 1, 32, '2024-08-31 20:39:24', '2024-08-31 20:39:24'),
(360, 'Mujehana', 1, 32, '2024-08-31 20:39:24', '2024-08-31 20:39:24'),
(361, 'Nawabganj', 1, 32, '2024-08-31 20:39:24', '2024-08-31 20:39:24'),
(362, 'Pandri Kripal', 1, 32, '2024-08-31 20:39:24', '2024-08-31 20:39:24'),
(363, 'Paraspur', 1, 32, '2024-08-31 20:39:24', '2024-08-31 20:39:24'),
(364, 'Rupaideeh', 1, 32, '2024-08-31 20:39:24', '2024-08-31 20:39:24'),
(365, 'Tarabganj', 1, 32, '2024-08-31 20:39:24', '2024-08-31 20:39:24'),
(366, 'Wazirganj', 1, 32, '2024-08-31 20:39:24', '2024-08-31 20:39:24'),
(367, 'Bansgaon', 1, 33, '2024-08-31 20:41:01', '2024-08-31 20:41:01'),
(368, 'Barhalganj', 1, 33, '2024-08-31 20:41:01', '2024-08-31 20:41:01'),
(369, 'Belghat', 1, 33, '2024-08-31 20:41:01', '2024-08-31 20:41:01'),
(370, 'Bharohiya', 1, 33, '2024-08-31 20:41:01', '2024-08-31 20:41:01'),
(371, 'Bhathat', 1, 33, '2024-08-31 20:41:01', '2024-08-31 20:41:01'),
(372, 'Brahmpur', 1, 33, '2024-08-31 20:41:01', '2024-08-31 20:41:01'),
(373, 'Campierganj', 1, 33, '2024-08-31 20:41:01', '2024-08-31 20:41:01'),
(374, 'Chargawan', 1, 33, '2024-08-31 20:41:01', '2024-08-31 20:41:01'),
(375, 'Gagaha', 1, 33, '2024-08-31 20:41:01', '2024-08-31 20:41:01'),
(376, 'Gola', 1, 33, '2024-08-31 20:41:01', '2024-08-31 20:41:01'),
(377, 'Jangal Kaudia', 1, 33, '2024-08-31 20:41:01', '2024-08-31 20:41:01'),
(378, 'Kauri Ram', 1, 33, '2024-08-31 20:41:01', '2024-08-31 20:41:01'),
(379, 'Khajni', 1, 33, '2024-08-31 20:41:01', '2024-08-31 20:41:01'),
(380, 'Khorabar', 1, 33, '2024-08-31 20:41:01', '2024-08-31 20:41:01'),
(381, 'Pali', 1, 33, '2024-08-31 20:41:01', '2024-08-31 20:41:01'),
(382, 'Pipraich', 1, 33, '2024-08-31 20:41:01', '2024-08-31 20:41:01'),
(383, 'Piprauli', 1, 33, '2024-08-31 20:41:01', '2024-08-31 20:41:01'),
(384, 'Sahjanawa', 1, 33, '2024-08-31 20:41:01', '2024-08-31 20:41:01'),
(385, 'Sardarnagar', 1, 33, '2024-08-31 20:41:01', '2024-08-31 20:41:01'),
(386, 'Uruwa', 1, 33, '2024-08-31 20:41:01', '2024-08-31 20:41:01'),
(387, 'Gohand', 1, 34, '2024-08-31 21:03:20', '2024-08-31 21:03:20'),
(388, 'Kurara', 1, 34, '2024-08-31 21:03:20', '2024-08-31 21:03:20'),
(389, 'Maudaha', 1, 34, '2024-08-31 21:03:20', '2024-08-31 21:03:20'),
(390, 'Muskara', 1, 34, '2024-08-31 21:03:20', '2024-08-31 21:03:20'),
(391, 'Rath', 1, 34, '2024-08-31 21:03:20', '2024-08-31 21:03:20'),
(392, 'Sarila', 1, 34, '2024-08-31 21:03:20', '2024-08-31 21:03:20'),
(393, 'Sumerpur', 1, 34, '2024-08-31 21:03:20', '2024-08-31 21:03:20'),
(394, 'Dhaulana', 1, 35, '2024-08-31 21:03:59', '2024-08-31 21:03:59'),
(395, 'Garh Mukteshwar', 1, 35, '2024-08-31 21:03:59', '2024-08-31 21:03:59'),
(396, 'Hapur', 1, 35, '2024-08-31 21:03:59', '2024-08-31 21:03:59'),
(397, 'Simbhawali', 1, 35, '2024-08-31 21:03:59', '2024-08-31 21:03:59'),
(398, 'Ahirori', 1, 36, '2024-08-31 21:04:47', '2024-08-31 21:04:47'),
(399, 'Bawan', 1, 36, '2024-08-31 21:04:47', '2024-08-31 21:04:47'),
(400, 'Behendar', 1, 36, '2024-08-31 21:04:47', '2024-08-31 21:04:47'),
(401, 'Bharawan', 1, 36, '2024-08-31 21:04:47', '2024-08-31 21:04:47'),
(402, 'Bharkhani', 1, 36, '2024-08-31 21:04:47', '2024-08-31 21:04:47'),
(403, 'Bilgram', 1, 36, '2024-08-31 21:04:47', '2024-08-31 21:04:47'),
(404, 'Hariyawan', 1, 36, '2024-08-31 21:04:47', '2024-08-31 21:04:47'),
(405, 'Harpalpur', 1, 36, '2024-08-31 21:04:47', '2024-08-31 21:04:47'),
(406, 'Kachauna', 1, 36, '2024-08-31 21:04:47', '2024-08-31 21:04:47'),
(407, 'Kothawan', 1, 36, '2024-08-31 21:04:47', '2024-08-31 21:04:47'),
(408, 'Madhoganj', 1, 36, '2024-08-31 21:04:47', '2024-08-31 21:04:47'),
(409, 'Mallawan', 1, 36, '2024-08-31 21:04:47', '2024-08-31 21:04:47'),
(410, 'Pihani', 1, 36, '2024-08-31 21:04:47', '2024-08-31 21:04:47'),
(411, 'Sandi', 1, 36, '2024-08-31 21:04:47', '2024-08-31 21:04:47'),
(412, 'Sandila', 1, 36, '2024-08-31 21:04:47', '2024-08-31 21:04:47'),
(413, 'Shahabad', 1, 36, '2024-08-31 21:04:47', '2024-08-31 21:04:47'),
(414, 'Sursa', 1, 36, '2024-08-31 21:04:47', '2024-08-31 21:04:47'),
(415, 'Tandiyawan', 1, 36, '2024-08-31 21:04:47', '2024-08-31 21:04:47'),
(416, 'Todarpur', 1, 36, '2024-08-31 21:04:47', '2024-08-31 21:04:47'),
(417, 'Hasayan', 1, 37, '2024-08-31 21:05:40', '2024-08-31 21:05:40'),
(418, 'Hathras', 1, 37, '2024-08-31 21:05:40', '2024-08-31 21:05:40'),
(419, 'Mursan', 1, 37, '2024-08-31 21:05:40', '2024-08-31 21:05:40'),
(420, 'Sadabad', 1, 37, '2024-08-31 21:05:40', '2024-08-31 21:05:40'),
(421, 'Sasni', 1, 37, '2024-08-31 21:05:40', '2024-08-31 21:05:40'),
(422, 'Sehpau', 1, 37, '2024-08-31 21:05:40', '2024-08-31 21:05:40'),
(423, 'Sikandrarao', 1, 37, '2024-08-31 21:05:40', '2024-08-31 21:05:40'),
(424, 'Dakore', 1, 38, '2024-08-31 21:06:21', '2024-08-31 21:06:21'),
(425, 'Jalaun', 1, 38, '2024-08-31 21:06:21', '2024-08-31 21:06:21'),
(426, 'Kadaura', 1, 38, '2024-08-31 21:06:21', '2024-08-31 21:06:21'),
(427, 'Konch', 1, 38, '2024-08-31 21:06:21', '2024-08-31 21:06:21'),
(428, 'Kuthaund', 1, 38, '2024-08-31 21:06:21', '2024-08-31 21:06:21'),
(429, 'Madhogarh', 1, 38, '2024-08-31 21:06:21', '2024-08-31 21:06:21'),
(430, 'Maheva', 1, 38, '2024-08-31 21:06:21', '2024-08-31 21:06:21'),
(431, 'Nadigaon', 1, 38, '2024-08-31 21:06:21', '2024-08-31 21:06:21'),
(432, 'Rampura', 1, 38, '2024-08-31 21:06:21', '2024-08-31 21:06:21'),
(433, 'Badla Pur', 1, 39, '2024-08-31 21:07:15', '2024-08-31 21:07:15'),
(434, 'Baksha', 1, 39, '2024-08-31 21:07:15', '2024-08-31 21:07:15'),
(435, 'Barasathi', 1, 39, '2024-08-31 21:07:15', '2024-08-31 21:07:15'),
(436, 'Dharma Pur', 1, 39, '2024-08-31 21:07:15', '2024-08-31 21:07:15'),
(437, 'Dobhi', 1, 39, '2024-08-31 21:07:15', '2024-08-31 21:07:15'),
(438, 'Jalal Pur', 1, 39, '2024-08-31 21:07:15', '2024-08-31 21:07:15'),
(439, 'Karanja Kala', 1, 39, '2024-08-31 21:07:15', '2024-08-31 21:07:15'),
(440, 'Kerakat', 1, 39, '2024-08-31 21:07:15', '2024-08-31 21:07:15'),
(441, 'Khuthan', 1, 39, '2024-08-31 21:07:15', '2024-08-31 21:07:15'),
(442, 'Machchali Shahar', 1, 39, '2024-08-31 21:07:15', '2024-08-31 21:07:15'),
(443, 'Maharaj Ganj', 1, 39, '2024-08-31 21:07:15', '2024-08-31 21:07:15'),
(444, 'Mariyahu', 1, 39, '2024-08-31 21:07:15', '2024-08-31 21:07:15'),
(445, 'Mufti Ganj', 1, 39, '2024-08-31 21:07:15', '2024-08-31 21:07:15'),
(446, 'Mungra Badshah Pur', 1, 39, '2024-08-31 21:07:15', '2024-08-31 21:07:15'),
(447, 'Ram Nagar', 1, 39, '2024-08-31 21:07:15', '2024-08-31 21:07:15'),
(448, 'Ram Pur', 1, 39, '2024-08-31 21:07:15', '2024-08-31 21:07:15'),
(449, 'Shah Ganj', 1, 39, '2024-08-31 21:07:15', '2024-08-31 21:07:15'),
(450, 'Sikrara', 1, 39, '2024-08-31 21:07:15', '2024-08-31 21:07:15'),
(451, 'Sirkoni', 1, 39, '2024-08-31 21:07:15', '2024-08-31 21:07:15'),
(452, 'Suitha Kala', 1, 39, '2024-08-31 21:07:15', '2024-08-31 21:07:15'),
(453, 'Sujan Ganj', 1, 39, '2024-08-31 21:07:15', '2024-08-31 21:07:15'),
(454, 'Babina', 1, 40, '2024-08-31 21:08:04', '2024-08-31 21:08:04'),
(455, 'Badagaon', 1, 40, '2024-08-31 21:08:04', '2024-08-31 21:08:04'),
(456, 'Bamaur', 1, 40, '2024-08-31 21:08:04', '2024-08-31 21:08:04'),
(457, 'Bangra', 1, 40, '2024-08-31 21:08:04', '2024-08-31 21:08:04'),
(458, 'Chirgaon', 1, 40, '2024-08-31 21:08:04', '2024-08-31 21:08:04'),
(459, 'Gursarai', 1, 40, '2024-08-31 21:08:04', '2024-08-31 21:08:04'),
(460, 'Mauranipur', 1, 40, '2024-08-31 21:08:04', '2024-08-31 21:08:04'),
(461, 'Moth', 1, 40, '2024-08-31 21:08:04', '2024-08-31 21:08:04'),
(462, 'Chhibramau', 1, 41, '2024-08-31 21:11:05', '2024-08-31 21:11:05'),
(463, 'Gughrapur', 1, 41, '2024-08-31 21:11:05', '2024-08-31 21:11:05'),
(464, 'Haseran', 1, 41, '2024-08-31 21:11:05', '2024-08-31 21:11:05'),
(465, 'Jalalabad', 1, 41, '2024-08-31 21:11:05', '2024-08-31 21:11:05'),
(466, 'Kannauj', 1, 41, '2024-08-31 21:11:05', '2024-08-31 21:11:05'),
(467, 'Saurikh', 1, 41, '2024-08-31 21:11:05', '2024-08-31 21:11:05'),
(468, 'Talgram', 1, 41, '2024-08-31 21:11:05', '2024-08-31 21:11:05'),
(469, 'Umarda', 1, 41, '2024-08-31 21:11:05', '2024-08-31 21:11:05'),
(470, 'Akbarpur', 1, 42, '2024-08-31 21:26:29', '2024-08-31 21:26:29'),
(471, 'Amrodha', 1, 42, '2024-08-31 21:26:29', '2024-08-31 21:26:29'),
(472, 'Derapur', 1, 42, '2024-08-31 21:26:29', '2024-08-31 21:26:29'),
(473, 'Jhinjhak', 1, 42, '2024-08-31 21:26:29', '2024-08-31 21:26:29'),
(474, 'Maitha', 1, 42, '2024-08-31 21:26:29', '2024-08-31 21:26:29'),
(475, 'Malasa', 1, 42, '2024-08-31 21:26:29', '2024-08-31 21:26:29'),
(476, 'Rajpur', 1, 42, '2024-08-31 21:26:29', '2024-08-31 21:26:29'),
(477, 'Rasulabad', 1, 42, '2024-08-31 21:26:29', '2024-08-31 21:26:29'),
(478, 'Sandalpur', 1, 42, '2024-08-31 21:26:29', '2024-08-31 21:26:29'),
(479, 'Sarbankhera', 1, 42, '2024-08-31 21:26:29', '2024-08-31 21:26:29'),
(480, 'Bhitargaon', 1, 43, '2024-08-31 21:36:41', '2024-08-31 21:36:41'),
(481, 'Bilhaur', 1, 43, '2024-08-31 21:36:41', '2024-08-31 21:36:41'),
(482, 'Chaubeypur', 1, 43, '2024-08-31 21:36:41', '2024-08-31 21:36:41'),
(483, 'Ghatampur', 1, 43, '2024-08-31 21:36:41', '2024-08-31 21:36:41'),
(484, 'Kakwan', 1, 43, '2024-08-31 21:36:41', '2024-08-31 21:36:41'),
(485, 'Kalyanpur', 1, 43, '2024-08-31 21:36:41', '2024-08-31 21:36:41'),
(486, 'Patara', 1, 43, '2024-08-31 21:36:41', '2024-08-31 21:36:41'),
(487, 'Sarsol', 1, 43, '2024-08-31 21:36:41', '2024-08-31 21:36:41'),
(488, 'Shivrajpur', 1, 43, '2024-08-31 21:36:41', '2024-08-31 21:36:41'),
(489, 'Vidhunu', 1, 43, '2024-08-31 21:36:41', '2024-08-31 21:36:41'),
(490, 'Amanpur', 1, 44, '2024-08-31 21:37:42', '2024-08-31 21:37:42'),
(491, 'Ganj Dundwara', 1, 44, '2024-08-31 21:37:42', '2024-08-31 21:37:42'),
(492, 'Kasganj', 1, 44, '2024-08-31 21:37:42', '2024-08-31 21:37:42'),
(493, 'Patiyali', 1, 44, '2024-08-31 21:37:42', '2024-08-31 21:37:42'),
(494, 'Sahawar', 1, 44, '2024-08-31 21:37:42', '2024-08-31 21:37:42'),
(495, 'Sidhpura', 1, 44, '2024-08-31 21:37:42', '2024-08-31 21:37:42'),
(496, 'Soron', 1, 44, '2024-08-31 21:37:42', '2024-08-31 21:37:42'),
(497, 'Chail', 1, 45, '2024-08-31 21:38:24', '2024-08-31 21:38:24'),
(498, 'Kara', 1, 45, '2024-08-31 21:38:24', '2024-08-31 21:38:24'),
(499, 'Kaushambi', 1, 45, '2024-08-31 21:38:24', '2024-08-31 21:38:24'),
(500, 'Manjhanpur', 1, 45, '2024-08-31 21:38:24', '2024-08-31 21:38:24'),
(501, 'Mooratganj', 1, 45, '2024-08-31 21:38:24', '2024-08-31 21:38:24'),
(502, 'Nevada', 1, 45, '2024-08-31 21:38:24', '2024-08-31 21:38:24'),
(503, 'Sarsawan', 1, 45, '2024-08-31 21:38:24', '2024-08-31 21:38:24'),
(504, 'Sirathu', 1, 45, '2024-08-31 21:38:24', '2024-08-31 21:38:24'),
(505, 'Bankeyganj', 1, 46, '2024-08-31 21:39:12', '2024-08-31 21:39:12'),
(506, 'Behjam', 1, 46, '2024-08-31 21:39:12', '2024-08-31 21:39:12'),
(507, 'Bijuwa', 1, 46, '2024-08-31 21:39:12', '2024-08-31 21:39:12'),
(508, 'Dhaurhara', 1, 46, '2024-08-31 21:39:12', '2024-08-31 21:39:12'),
(509, 'Isanagar', 1, 46, '2024-08-31 21:39:12', '2024-08-31 21:39:12'),
(510, 'Kumbhigola', 1, 46, '2024-08-31 21:39:12', '2024-08-31 21:39:12'),
(511, 'Lakhimpur', 1, 46, '2024-08-31 21:39:12', '2024-08-31 21:39:12'),
(512, 'Mitauli', 1, 46, '2024-08-31 21:39:12', '2024-08-31 21:39:12'),
(513, 'Mohammadi', 1, 46, '2024-08-31 21:39:12', '2024-08-31 21:39:12'),
(514, 'Nakaha', 1, 46, '2024-08-31 21:39:12', '2024-08-31 21:39:12'),
(515, 'Nighasan', 1, 46, '2024-08-31 21:39:12', '2024-08-31 21:39:12'),
(516, 'Palia', 1, 46, '2024-08-31 21:39:12', '2024-08-31 21:39:12'),
(517, 'Pasgawan', 1, 46, '2024-08-31 21:39:12', '2024-08-31 21:39:12'),
(518, 'Phoolbehar', 1, 46, '2024-08-31 21:39:12', '2024-08-31 21:39:12'),
(519, 'Ramia Behar', 1, 46, '2024-08-31 21:39:12', '2024-08-31 21:39:12'),
(520, 'Dudhahi', 1, 47, '2024-08-31 21:40:15', '2024-08-31 21:40:15'),
(521, 'Fazilnagar', 1, 47, '2024-08-31 21:40:15', '2024-08-31 21:40:15'),
(522, 'Hata', 1, 47, '2024-08-31 21:40:15', '2024-08-31 21:40:15'),
(523, 'Kaptainganj', 1, 47, '2024-08-31 21:40:15', '2024-08-31 21:40:15'),
(524, 'Kasaya', 1, 47, '2024-08-31 21:40:15', '2024-08-31 21:40:15'),
(525, 'Khadda', 1, 47, '2024-08-31 21:40:15', '2024-08-31 21:40:15'),
(526, 'Motichak', 1, 47, '2024-08-31 21:40:15', '2024-08-31 21:40:15'),
(527, 'Nebua Naurangia', 1, 47, '2024-08-31 21:40:15', '2024-08-31 21:40:15'),
(528, 'Padrauna', 1, 47, '2024-08-31 21:40:15', '2024-08-31 21:40:15'),
(529, 'Ramkola', 1, 47, '2024-08-31 21:40:15', '2024-08-31 21:40:15'),
(530, 'Seorahi', 1, 47, '2024-08-31 21:40:15', '2024-08-31 21:40:15'),
(531, 'Sukrauli', 1, 47, '2024-08-31 21:40:15', '2024-08-31 21:40:15'),
(532, 'Tamkuhiraj', 1, 47, '2024-08-31 21:40:15', '2024-08-31 21:40:15'),
(533, 'Vishunpura', 1, 47, '2024-08-31 21:40:15', '2024-08-31 21:40:15'),
(534, 'Bar', 1, 48, '2024-08-31 21:43:54', '2024-08-31 21:43:54'),
(535, 'Birdha', 1, 48, '2024-08-31 21:43:54', '2024-08-31 21:43:54'),
(536, 'Jakhaura', 1, 48, '2024-08-31 21:43:54', '2024-08-31 21:43:54'),
(537, 'Mandawara', 1, 48, '2024-08-31 21:43:54', '2024-08-31 21:43:54'),
(538, 'Mehroni', 1, 48, '2024-08-31 21:43:54', '2024-08-31 21:43:54'),
(539, 'Talbehat', 1, 48, '2024-08-31 21:43:54', '2024-08-31 21:43:54'),
(540, 'Bakshi-Ka-Talab', 1, 49, '2024-08-31 21:44:48', '2024-08-31 21:44:48'),
(541, 'Chinhat', 1, 49, '2024-08-31 21:44:48', '2024-08-31 21:44:48'),
(542, 'Gosaiganj', 1, 49, '2024-08-31 21:44:48', '2024-08-31 21:44:48'),
(543, 'Kakori', 1, 49, '2024-08-31 21:44:48', '2024-08-31 21:44:48'),
(544, 'Mal', 1, 49, '2024-08-31 21:44:48', '2024-08-31 21:44:48'),
(545, 'Malihabad', 1, 49, '2024-08-31 21:44:48', '2024-08-31 21:44:48'),
(546, 'Mohanlalganj', 1, 49, '2024-08-31 21:44:48', '2024-08-31 21:44:48'),
(547, 'Sarojaninagar', 1, 49, '2024-08-31 21:44:48', '2024-08-31 21:44:48'),
(548, 'Charkhari', 1, 50, '2024-08-31 21:47:20', '2024-08-31 21:47:20'),
(549, 'Jaitpur', 1, 50, '2024-08-31 21:47:20', '2024-08-31 21:47:20'),
(550, 'Kabrai', 1, 50, '2024-08-31 21:47:20', '2024-08-31 21:47:20'),
(551, 'Panwari', 1, 50, '2024-08-31 21:47:20', '2024-08-31 21:47:20'),
(552, 'Bridgemanganj', 1, 51, '2024-08-31 21:48:22', '2024-08-31 21:48:22'),
(553, 'Dhani', 1, 51, '2024-08-31 21:48:22', '2024-08-31 21:48:22'),
(554, 'Ghughli', 1, 51, '2024-08-31 21:48:22', '2024-08-31 21:48:22'),
(555, 'Lakshmipur', 1, 51, '2024-08-31 21:48:22', '2024-08-31 21:48:22'),
(556, 'Mahrajganj', 1, 51, '2024-08-31 21:48:22', '2024-08-31 21:48:22'),
(557, 'Mithaura', 1, 51, '2024-08-31 21:48:22', '2024-08-31 21:48:22'),
(558, 'Nautanwa', 1, 51, '2024-08-31 21:48:22', '2024-08-31 21:48:22'),
(559, 'Nichlaul', 1, 51, '2024-08-31 21:48:22', '2024-08-31 21:48:22'),
(560, 'Paniyara', 1, 51, '2024-08-31 21:48:22', '2024-08-31 21:48:22'),
(561, 'Partawal', 1, 51, '2024-08-31 21:48:22', '2024-08-31 21:48:22'),
(562, 'Pharenda', 1, 51, '2024-08-31 21:48:22', '2024-08-31 21:48:22'),
(563, 'Siswa', 1, 51, '2024-08-31 21:48:22', '2024-08-31 21:48:22'),
(564, 'Barnahal', 1, 52, '2024-08-31 21:51:21', '2024-08-31 21:51:21'),
(565, 'Bewar', 1, 52, '2024-08-31 21:51:21', '2024-08-31 21:51:21'),
(566, 'Ghiror', 1, 52, '2024-08-31 21:51:21', '2024-08-31 21:51:21'),
(567, 'Jageer', 1, 52, '2024-08-31 21:51:21', '2024-08-31 21:51:21'),
(568, 'Karhal', 1, 52, '2024-08-31 21:51:21', '2024-08-31 21:51:21'),
(569, 'Kishni', 1, 52, '2024-08-31 21:51:21', '2024-08-31 21:51:21'),
(570, 'Kuraoli', 1, 52, '2024-08-31 21:51:21', '2024-08-31 21:51:21'),
(571, 'Mainpuri', 1, 52, '2024-08-31 21:51:21', '2024-08-31 21:51:21'),
(572, 'Sultanganj', 1, 52, '2024-08-31 21:51:21', '2024-08-31 21:51:21'),
(573, 'Baldeo', 1, 53, '2024-08-31 21:52:39', '2024-08-31 21:52:39'),
(574, 'Chaumuha', 1, 53, '2024-08-31 21:52:39', '2024-08-31 21:52:39'),
(575, 'Chhata', 1, 53, '2024-08-31 21:52:39', '2024-08-31 21:52:39'),
(576, 'Farah', 1, 53, '2024-08-31 21:52:39', '2024-08-31 21:52:39'),
(577, 'Govardhan', 1, 53, '2024-08-31 21:52:39', '2024-08-31 21:52:39'),
(578, 'Mat', 1, 53, '2024-08-31 21:52:39', '2024-08-31 21:52:39'),
(579, 'Mathura', 1, 53, '2024-08-31 21:52:39', '2024-08-31 21:52:39'),
(580, 'Nandgaon', 1, 53, '2024-08-31 21:52:39', '2024-08-31 21:52:39'),
(581, 'Nohjhil', 1, 53, '2024-08-31 21:52:39', '2024-08-31 21:52:39'),
(582, 'Raya', 1, 53, '2024-08-31 21:52:39', '2024-08-31 21:52:39'),
(583, 'Badraon', 1, 54, '2024-08-31 21:53:47', '2024-08-31 21:53:47'),
(584, 'Dohri Ghat', 1, 54, '2024-08-31 21:53:47', '2024-08-31 21:53:47'),
(585, 'Fatehpur Madaun', 1, 54, '2024-08-31 21:53:47', '2024-08-31 21:53:47'),
(586, 'Ghosi', 1, 54, '2024-08-31 21:53:47', '2024-08-31 21:53:47'),
(587, 'Kopaganj', 1, 54, '2024-08-31 21:53:47', '2024-08-31 21:53:47'),
(588, 'Mohammadabad Gohana', 1, 54, '2024-08-31 21:53:47', '2024-08-31 21:53:47'),
(589, 'Pardaha', 1, 54, '2024-08-31 21:53:47', '2024-08-31 21:53:47'),
(590, 'Ranipur', 1, 54, '2024-08-31 21:53:47', '2024-08-31 21:53:47'),
(591, 'Ratanpura', 1, 54, '2024-08-31 21:53:47', '2024-08-31 21:53:47'),
(592, 'Daurala', 1, 55, '2024-08-31 21:54:22', '2024-08-31 21:54:22'),
(593, 'Hastinapur', 1, 55, '2024-08-31 21:54:22', '2024-08-31 21:54:22'),
(594, 'Janikhurd', 1, 55, '2024-08-31 21:54:22', '2024-08-31 21:54:22'),
(595, 'Kharkhoda', 1, 55, '2024-08-31 21:54:22', '2024-08-31 21:54:22'),
(596, 'Machra', 1, 55, '2024-08-31 21:54:22', '2024-08-31 21:54:22'),
(597, 'Mawana Kalan', 1, 55, '2024-08-31 21:54:22', '2024-08-31 21:54:22'),
(598, 'Meerut', 1, 55, '2024-08-31 21:54:22', '2024-08-31 21:54:22'),
(599, 'Parikshitgarh', 1, 55, '2024-08-31 21:54:22', '2024-08-31 21:54:22'),
(600, 'Rajpura', 1, 55, '2024-08-31 21:54:22', '2024-08-31 21:54:22'),
(601, 'Rohta', 1, 55, '2024-08-31 21:54:22', '2024-08-31 21:54:22'),
(602, 'Sardhana', 1, 55, '2024-08-31 21:54:22', '2024-08-31 21:54:22'),
(603, 'Sarurpur Khurd', 1, 55, '2024-08-31 21:54:22', '2024-08-31 21:54:22'),
(604, 'Chhanvey', 1, 56, '2024-08-31 21:57:30', '2024-08-31 21:57:30'),
(605, 'Hallia', 1, 56, '2024-08-31 21:57:30', '2024-08-31 21:57:30'),
(606, 'Jamalpur', 1, 56, '2024-08-31 21:57:30', '2024-08-31 21:57:30'),
(607, 'Kon', 1, 56, '2024-08-31 21:57:30', '2024-08-31 21:57:30'),
(608, 'Lalganj', 1, 56, '2024-08-31 21:57:30', '2024-08-31 21:57:30'),
(609, 'Majhawa', 1, 56, '2024-08-31 21:57:30', '2024-08-31 21:57:30'),
(610, 'Nagar (City)', 1, 56, '2024-08-31 21:57:30', '2024-08-31 21:57:30'),
(611, 'Narainpur', 1, 56, '2024-08-31 21:57:30', '2024-08-31 21:57:30'),
(612, 'Pahari', 1, 56, '2024-08-31 21:57:30', '2024-08-31 21:57:30'),
(613, 'Patehra', 1, 56, '2024-08-31 21:57:30', '2024-08-31 21:57:30'),
(614, 'Rajgarh', 1, 56, '2024-08-31 21:57:30', '2024-08-31 21:57:30'),
(615, 'Shikhar', 1, 56, '2024-08-31 21:57:30', '2024-08-31 21:57:30'),
(616, 'Bhagatpur Tanda', 1, 58, '2024-08-31 21:58:38', '2024-08-31 21:58:38'),
(617, 'Bilari', 1, 58, '2024-08-31 21:58:38', '2024-08-31 21:58:38'),
(618, 'Chhajlet', 1, 58, '2024-08-31 21:58:38', '2024-08-31 21:58:38'),
(619, 'Dilari', 1, 58, '2024-08-31 21:58:38', '2024-08-31 21:58:38'),
(620, 'Kundarki', 1, 58, '2024-08-31 21:58:38', '2024-08-31 21:58:38'),
(621, 'Moradabad', 1, 58, '2024-08-31 21:58:38', '2024-08-31 21:58:38'),
(622, 'Munda Pandey', 1, 58, '2024-08-31 21:58:38', '2024-08-31 21:58:38'),
(623, 'Thakurdwara', 1, 58, '2024-08-31 21:58:38', '2024-08-31 21:58:38'),
(624, 'Baghara', 1, 59, '2024-08-31 22:03:05', '2024-08-31 22:03:05'),
(625, 'Budhana', 1, 59, '2024-08-31 22:03:05', '2024-08-31 22:03:05'),
(626, 'Charthawal', 1, 59, '2024-08-31 22:03:05', '2024-08-31 22:03:05'),
(627, 'Jansath', 1, 59, '2024-08-31 22:03:05', '2024-08-31 22:03:05'),
(628, 'Khatauli', 1, 59, '2024-08-31 22:03:05', '2024-08-31 22:03:05'),
(629, 'Morna', 1, 59, '2024-08-31 22:03:05', '2024-08-31 22:03:05'),
(630, 'Muzaffarnagar', 1, 59, '2024-08-31 22:03:05', '2024-08-31 22:03:05'),
(631, 'Purkaji', 1, 59, '2024-08-31 22:03:05', '2024-08-31 22:03:05'),
(632, 'Shahpur', 1, 59, '2024-08-31 22:03:05', '2024-08-31 22:03:05'),
(633, 'Amariya', 1, 60, '2024-08-31 22:04:28', '2024-08-31 22:04:28'),
(634, 'Barkhera', 1, 60, '2024-08-31 22:04:28', '2024-08-31 22:04:28'),
(635, 'Bilsanda', 1, 60, '2024-08-31 22:04:28', '2024-08-31 22:04:28'),
(636, 'Bisalpur', 1, 60, '2024-08-31 22:04:28', '2024-08-31 22:04:28'),
(637, 'Lalaurikhera', 1, 60, '2024-08-31 22:04:28', '2024-08-31 22:04:28'),
(638, 'Marori', 1, 60, '2024-08-31 22:04:28', '2024-08-31 22:04:28'),
(639, 'Puranpur', 1, 60, '2024-08-31 22:04:28', '2024-08-31 22:04:28'),
(640, 'Aspur Deosara', 1, 61, '2024-08-31 22:11:41', '2024-08-31 22:11:41'),
(641, 'Baba Belkharnath Dham', 1, 61, '2024-08-31 22:11:41', '2024-08-31 22:11:41'),
(642, 'Babaganj', 1, 61, '2024-08-31 22:11:41', '2024-08-31 22:11:41'),
(643, 'Bihar', 1, 61, '2024-08-31 22:11:41', '2024-08-31 22:11:41'),
(644, 'Gaura', 1, 61, '2024-08-31 22:11:41', '2024-08-31 22:11:41'),
(645, 'Kalakankar', 1, 61, '2024-08-31 22:11:41', '2024-08-31 22:11:41'),
(646, 'Kunda', 1, 61, '2024-08-31 22:11:41', '2024-08-31 22:11:41'),
(647, 'Lakshamanpur', 1, 61, '2024-08-31 22:11:41', '2024-08-31 22:11:41'),
(648, 'Lalganj', 1, 61, '2024-08-31 22:11:41', '2024-08-31 22:11:41'),
(649, 'Magraura', 1, 61, '2024-08-31 22:11:41', '2024-08-31 22:11:41'),
(650, 'Mandhata', 1, 61, '2024-08-31 22:11:41', '2024-08-31 22:11:41'),
(651, 'Patti', 1, 61, '2024-08-31 22:11:41', '2024-08-31 22:11:41'),
(652, 'Pratapgarh (Sadar)', 1, 61, '2024-08-31 22:11:41', '2024-08-31 22:11:41'),
(653, 'Rampur Sanramgarh', 1, 61, '2024-08-31 22:11:41', '2024-08-31 22:11:41'),
(654, 'Sandwa Chandrika', 1, 61, '2024-08-31 22:11:41', '2024-08-31 22:11:41'),
(655, 'Sangipur', 1, 61, '2024-08-31 22:11:41', '2024-08-31 22:11:41'),
(656, 'Shivgarh', 1, 61, '2024-08-31 22:11:41', '2024-08-31 22:11:41'),
(657, 'Bahadurpur', 1, 62, '2024-08-31 22:16:13', '2024-08-31 22:16:13'),
(658, 'Bahria', 1, 62, '2024-08-31 22:16:13', '2024-08-31 22:16:13'),
(659, 'Bhagwatpur', 1, 62, '2024-08-31 22:16:13', '2024-08-31 22:16:13'),
(660, 'Chaka', 1, 62, '2024-08-31 22:16:13', '2024-08-31 22:16:13'),
(661, 'Dhanupur', 1, 62, '2024-08-31 22:16:13', '2024-08-31 22:16:13'),
(662, 'Handia', 1, 62, '2024-08-31 22:16:13', '2024-08-31 22:16:13'),
(663, 'Holagarh', 1, 62, '2024-08-31 22:16:13', '2024-08-31 22:16:13'),
(664, 'Jasra', 1, 62, '2024-08-31 22:16:13', '2024-08-31 22:16:13'),
(665, 'Karchhana', 1, 62, '2024-08-31 22:16:13', '2024-08-31 22:16:13'),
(666, 'Kaudhiyara', 1, 62, '2024-08-31 22:16:13', '2024-08-31 22:16:13'),
(667, 'Kaurihar', 1, 62, '2024-08-31 22:16:13', '2024-08-31 22:16:13'),
(668, 'Koraon', 1, 62, '2024-08-31 22:16:13', '2024-08-31 22:16:13'),
(669, 'Manda', 1, 62, '2024-08-31 22:16:13', '2024-08-31 22:16:13'),
(670, 'Mauaima', 1, 62, '2024-08-31 22:16:13', '2024-08-31 22:16:13'),
(671, 'Meja', 1, 62, '2024-08-31 22:16:13', '2024-08-31 22:16:13'),
(672, 'Phulpur', 1, 62, '2024-08-31 22:16:13', '2024-08-31 22:16:13'),
(673, 'Pratappur', 1, 62, '2024-08-31 22:16:13', '2024-08-31 22:16:13'),
(674, 'Sahson', 1, 62, '2024-08-31 22:16:13', '2024-08-31 22:16:13'),
(675, 'Saidabad', 1, 62, '2024-08-31 22:16:13', '2024-08-31 22:16:13'),
(676, 'Shankargarh', 1, 62, '2024-08-31 22:16:13', '2024-08-31 22:16:13'),
(677, 'Soraon', 1, 62, '2024-08-31 22:16:13', '2024-08-31 22:16:13'),
(678, 'Sringverpur Dham', 1, 62, '2024-08-31 22:16:13', '2024-08-31 22:16:13'),
(679, 'Uruwan', 1, 62, '2024-08-31 22:16:13', '2024-08-31 22:16:13'),
(680, 'Amawan', 1, 75, '2024-08-31 22:17:42', '2024-08-31 22:17:42'),
(681, 'Bachharawan', 1, 75, '2024-08-31 22:17:42', '2024-08-31 22:17:42'),
(682, 'Chhatoh', 1, 75, '2024-08-31 22:17:42', '2024-08-31 22:17:42'),
(683, 'Dalmau', 1, 75, '2024-08-31 22:17:42', '2024-08-31 22:17:42'),
(684, 'Deenshah Gaura', 1, 75, '2024-08-31 22:17:42', '2024-08-31 22:17:42'),
(685, 'Dih', 1, 75, '2024-08-31 22:17:42', '2024-08-31 22:17:42'),
(686, 'Harchandpur', 1, 75, '2024-08-31 22:17:42', '2024-08-31 22:17:42'),
(687, 'Jagatpur', 1, 75, '2024-08-31 22:17:42', '2024-08-31 22:17:42'),
(688, 'Khiron', 1, 75, '2024-08-31 22:17:42', '2024-08-31 22:17:42'),
(689, 'Lalganj', 1, 75, '2024-08-31 22:17:42', '2024-08-31 22:17:42'),
(690, 'Mahrajganj', 1, 75, '2024-08-31 22:17:42', '2024-08-31 22:17:42'),
(691, 'Rahi', 1, 75, '2024-08-31 22:17:42', '2024-08-31 22:17:42'),
(692, 'Rohania', 1, 75, '2024-08-31 22:17:42', '2024-08-31 22:17:42'),
(693, 'Salon', 1, 75, '2024-08-31 22:17:42', '2024-08-31 22:17:42'),
(694, 'Sareni', 1, 75, '2024-08-31 22:17:42', '2024-08-31 22:17:42'),
(695, 'Sataon', 1, 75, '2024-08-31 22:17:42', '2024-08-31 22:17:42'),
(696, 'Shivgarh', 1, 75, '2024-08-31 22:17:42', '2024-08-31 22:17:42'),
(697, 'Unchahar', 1, 75, '2024-08-31 22:17:42', '2024-08-31 22:17:42'),
(698, 'Bilaspur', 1, 63, '2024-08-31 22:19:24', '2024-08-31 22:19:24'),
(699, 'Chamraon', 1, 63, '2024-08-31 22:19:24', '2024-08-31 22:19:24'),
(700, 'Milak', 1, 63, '2024-08-31 22:19:24', '2024-08-31 22:19:24'),
(701, 'Saidnagar', 1, 63, '2024-08-31 22:19:24', '2024-08-31 22:19:24'),
(702, 'Shahabad', 1, 63, '2024-08-31 22:19:24', '2024-08-31 22:19:24'),
(703, 'Suar', 1, 63, '2024-08-31 22:19:24', '2024-08-31 22:19:24'),
(704, 'Ballia Kheri', 1, 64, '2024-08-31 22:20:11', '2024-08-31 22:20:11'),
(705, 'Deoband', 1, 64, '2024-08-31 22:20:11', '2024-08-31 22:20:11'),
(706, 'Gangoh', 1, 64, '2024-08-31 22:20:11', '2024-08-31 22:20:11'),
(707, 'Muzaffarabad', 1, 64, '2024-08-31 22:20:11', '2024-08-31 22:20:11'),
(708, 'Nagal', 1, 64, '2024-08-31 22:20:11', '2024-08-31 22:20:11'),
(709, 'Nakur', 1, 64, '2024-08-31 22:20:11', '2024-08-31 22:20:11'),
(710, 'Nanauta', 1, 64, '2024-08-31 22:20:11', '2024-08-31 22:20:11'),
(711, 'Puwarka', 1, 64, '2024-08-31 22:20:11', '2024-08-31 22:20:11'),
(712, 'Rampur Maniharan', 1, 64, '2024-08-31 22:20:11', '2024-08-31 22:20:11'),
(713, 'Sadauli Qadeem', 1, 64, '2024-08-31 22:20:11', '2024-08-31 22:20:11'),
(714, 'Sarsawan', 1, 64, '2024-08-31 22:20:11', '2024-08-31 22:20:11'),
(715, 'Asmauli', 1, 57, '2024-08-31 22:20:53', '2024-08-31 22:20:53'),
(716, 'Bahjoi', 1, 57, '2024-08-31 22:20:53', '2024-08-31 22:20:53'),
(717, 'Baniyakhera', 1, 57, '2024-08-31 22:20:53', '2024-08-31 22:20:53'),
(718, 'Gunnaur', 1, 57, '2024-08-31 22:20:53', '2024-08-31 22:20:53'),
(719, 'Junawai', 1, 57, '2024-08-31 22:20:53', '2024-08-31 22:20:53'),
(720, 'Panwasa', 1, 57, '2024-08-31 22:20:53', '2024-08-31 22:20:53'),
(721, 'Rajpura', 1, 57, '2024-08-31 22:20:53', '2024-08-31 22:20:53'),
(722, 'Sambhal', 1, 57, '2024-08-31 22:20:53', '2024-08-31 22:20:53'),
(723, 'Baghauli', 1, 65, '2024-08-31 22:21:42', '2024-08-31 22:21:42'),
(724, 'Belhar Kala', 1, 65, '2024-08-31 22:21:42', '2024-08-31 22:21:42'),
(725, 'Hainsar Bazar', 1, 65, '2024-08-31 22:21:42', '2024-08-31 22:21:42');
INSERT INTO `blocks` (`id`, `name`, `add_by`, `district_id`, `created_at`, `updated_at`) VALUES
(726, 'Khalilabad', 1, 65, '2024-08-31 22:21:42', '2024-08-31 22:21:42'),
(727, 'Mehdawal', 1, 65, '2024-08-31 22:21:42', '2024-08-31 22:21:42'),
(728, 'Nath Nagar', 1, 65, '2024-08-31 22:21:42', '2024-08-31 22:21:42'),
(729, 'Pauli', 1, 65, '2024-08-31 22:21:42', '2024-08-31 22:21:42'),
(730, 'Santha', 1, 65, '2024-08-31 22:21:42', '2024-08-31 22:21:42'),
(731, 'Semariyawan', 1, 65, '2024-08-31 22:21:42', '2024-08-31 22:21:42'),
(732, 'Banda', 1, 66, '2024-08-31 22:22:58', '2024-08-31 22:22:58'),
(733, 'Bhawal Khera', 1, 66, '2024-08-31 22:22:58', '2024-08-31 22:22:58'),
(734, 'Dadrol', 1, 66, '2024-08-31 22:22:58', '2024-08-31 22:22:58'),
(735, 'Jaitipur', 1, 66, '2024-08-31 22:22:58', '2024-08-31 22:22:58'),
(736, 'Jalalabad', 1, 66, '2024-08-31 22:22:58', '2024-08-31 22:22:58'),
(737, 'Kalan', 1, 66, '2024-08-31 22:22:58', '2024-08-31 22:22:58'),
(738, 'Kanth', 1, 66, '2024-08-31 22:22:58', '2024-08-31 22:22:58'),
(739, 'Khudaganj Katra', 1, 66, '2024-08-31 22:22:58', '2024-08-31 22:22:58'),
(740, 'Khutar', 1, 66, '2024-08-31 22:22:58', '2024-08-31 22:22:58'),
(741, 'Madnapur', 1, 66, '2024-08-31 22:22:58', '2024-08-31 22:22:58'),
(742, 'Mirzapur', 1, 66, '2024-08-31 22:22:58', '2024-08-31 22:22:58'),
(743, 'Nigohi', 1, 66, '2024-08-31 22:22:58', '2024-08-31 22:22:58'),
(744, 'Powayan', 1, 66, '2024-08-31 22:22:58', '2024-08-31 22:22:58'),
(745, 'Sindhauli', 1, 66, '2024-08-31 22:22:58', '2024-08-31 22:22:58'),
(746, 'Tilhar', 1, 66, '2024-08-31 22:22:58', '2024-08-31 22:22:58'),
(747, 'Kairana', 1, 67, '2024-08-31 22:24:30', '2024-08-31 22:24:30'),
(748, 'Kandhla', 1, 67, '2024-08-31 22:24:30', '2024-08-31 22:24:30'),
(749, 'Shamli', 1, 67, '2024-08-31 22:24:30', '2024-08-31 22:24:30'),
(750, 'Thana Bhawan', 1, 67, '2024-08-31 22:24:30', '2024-08-31 22:24:30'),
(751, 'Un', 1, 67, '2024-08-31 22:24:30', '2024-08-31 22:24:30'),
(752, 'Ekona', 1, 68, '2024-08-31 22:25:57', '2024-08-31 22:25:57'),
(753, 'Gilaula', 1, 68, '2024-08-31 22:25:57', '2024-08-31 22:25:57'),
(754, 'Hariharpur Rani', 1, 68, '2024-08-31 22:25:57', '2024-08-31 22:25:57'),
(755, 'Jamunaha', 1, 68, '2024-08-31 22:25:57', '2024-08-31 22:25:57'),
(756, 'Sirsiya', 1, 68, '2024-08-31 22:25:57', '2024-08-31 22:25:57'),
(757, 'Bansi', 1, 69, '2024-08-31 22:27:31', '2024-08-31 22:27:31'),
(758, 'Barhni', 1, 69, '2024-08-31 22:27:31', '2024-08-31 22:27:31'),
(759, 'Bhanwapur', 1, 69, '2024-08-31 22:27:31', '2024-08-31 22:27:31'),
(760, 'Birdpur', 1, 69, '2024-08-31 22:27:31', '2024-08-31 22:27:31'),
(761, 'Domariyaganj', 1, 69, '2024-08-31 22:27:31', '2024-08-31 22:27:31'),
(762, 'Itwa', 1, 69, '2024-08-31 22:27:31', '2024-08-31 22:27:31'),
(763, 'Jogia', 1, 69, '2024-08-31 22:27:31', '2024-08-31 22:27:31'),
(764, 'Khesraha', 1, 69, '2024-08-31 22:27:31', '2024-08-31 22:27:31'),
(765, 'Khuniyaon', 1, 69, '2024-08-31 22:27:31', '2024-08-31 22:27:31'),
(766, 'Lotan', 1, 69, '2024-08-31 22:27:31', '2024-08-31 22:27:31'),
(767, 'Mithwal', 1, 69, '2024-08-31 22:27:31', '2024-08-31 22:27:31'),
(768, 'Naugarh', 1, 69, '2024-08-31 22:27:31', '2024-08-31 22:27:31'),
(769, 'Shoharatgarh', 1, 69, '2024-08-31 22:27:31', '2024-08-31 22:27:31'),
(770, 'Uska Bazar', 1, 69, '2024-08-31 22:27:31', '2024-08-31 22:27:31'),
(771, 'Ailiya', 1, 70, '2024-08-31 22:28:24', '2024-08-31 22:28:24'),
(772, 'Behta', 1, 70, '2024-08-31 22:28:24', '2024-08-31 22:28:24'),
(773, 'Biswan', 1, 70, '2024-08-31 22:28:24', '2024-08-31 22:28:24'),
(774, 'Gondlamau', 1, 70, '2024-08-31 22:28:24', '2024-08-31 22:28:24'),
(775, 'Hargaon', 1, 70, '2024-08-31 22:28:24', '2024-08-31 22:28:24'),
(776, 'Kasmanda', 1, 70, '2024-08-31 22:28:24', '2024-08-31 22:28:24'),
(777, 'Khairabad', 1, 70, '2024-08-31 22:28:24', '2024-08-31 22:28:24'),
(778, 'Laharpur', 1, 70, '2024-08-31 22:28:24', '2024-08-31 22:28:24'),
(779, 'Machhrehta', 1, 70, '2024-08-31 22:28:24', '2024-08-31 22:28:24'),
(780, 'Mahmudabad', 1, 70, '2024-08-31 22:28:24', '2024-08-31 22:28:24'),
(781, 'Maholi', 1, 70, '2024-08-31 22:28:24', '2024-08-31 22:28:24'),
(782, 'Misrikh', 1, 70, '2024-08-31 22:28:24', '2024-08-31 22:28:24'),
(783, 'Pahala', 1, 70, '2024-08-31 22:28:24', '2024-08-31 22:28:24'),
(784, 'Parsendi', 1, 70, '2024-08-31 22:28:24', '2024-08-31 22:28:24'),
(785, 'Pisawan', 1, 70, '2024-08-31 22:28:24', '2024-08-31 22:28:24'),
(786, 'Rampur Mathura', 1, 70, '2024-08-31 22:28:24', '2024-08-31 22:28:24'),
(787, 'Reusa', 1, 70, '2024-08-31 22:28:24', '2024-08-31 22:28:24'),
(788, 'Sakran', 1, 70, '2024-08-31 22:28:24', '2024-08-31 22:28:24'),
(789, 'Sidhauli', 1, 70, '2024-08-31 22:28:24', '2024-08-31 22:28:24'),
(790, 'Babhani', 1, 71, '2024-08-31 22:30:38', '2024-08-31 22:30:38'),
(791, 'Chatra', 1, 71, '2024-08-31 22:30:38', '2024-08-31 22:30:38'),
(792, 'Chopan', 1, 71, '2024-08-31 22:30:38', '2024-08-31 22:30:38'),
(793, 'Dudhi', 1, 71, '2024-08-31 22:30:38', '2024-08-31 22:30:38'),
(794, 'Ghorawal', 1, 71, '2024-08-31 22:30:38', '2024-08-31 22:30:38'),
(795, 'Karma', 1, 71, '2024-08-31 22:30:38', '2024-08-31 22:30:38'),
(796, 'Kone', 1, 71, '2024-08-31 22:30:38', '2024-08-31 22:30:38'),
(797, 'Myorpur', 1, 71, '2024-08-31 22:30:38', '2024-08-31 22:30:38'),
(798, 'Nagwa', 1, 71, '2024-08-31 22:30:38', '2024-08-31 22:30:38'),
(799, 'Robertsganj', 1, 71, '2024-08-31 22:30:38', '2024-08-31 22:30:38'),
(800, 'Akhand Nagar', 1, 72, '2024-08-31 22:31:57', '2024-08-31 22:31:57'),
(801, 'Baldirai', 1, 72, '2024-08-31 22:31:57', '2024-08-31 22:31:57'),
(802, 'Bhadaiya', 1, 72, '2024-08-31 22:31:57', '2024-08-31 22:31:57'),
(803, 'Dhanpatganj', 1, 72, '2024-08-31 22:31:57', '2024-08-31 22:31:57'),
(804, 'Dostpur', 1, 72, '2024-08-31 22:31:57', '2024-08-31 22:31:57'),
(805, 'Dubepur', 1, 72, '2024-08-31 22:31:57', '2024-08-31 22:31:57'),
(806, 'Jaisinghpur', 1, 72, '2024-08-31 22:31:57', '2024-08-31 22:31:57'),
(807, 'Kadipur', 1, 72, '2024-08-31 22:31:57', '2024-08-31 22:31:57'),
(808, 'Karaudikala', 1, 72, '2024-08-31 22:31:57', '2024-08-31 22:31:57'),
(809, 'Kurebhar', 1, 72, '2024-08-31 22:31:57', '2024-08-31 22:31:57'),
(810, 'Kurwar', 1, 72, '2024-08-31 22:31:57', '2024-08-31 22:31:57'),
(811, 'Lambhua', 1, 72, '2024-08-31 22:31:57', '2024-08-31 22:31:57'),
(812, 'Motigarpur', 1, 72, '2024-08-31 22:31:57', '2024-08-31 22:31:57'),
(813, 'P.P.Kamaicha', 1, 72, '2024-08-31 22:31:57', '2024-08-31 22:31:57'),
(814, 'Asoha', 1, 73, '2024-08-31 22:32:49', '2024-08-31 22:32:49'),
(815, 'Auras', 1, 73, '2024-08-31 22:32:49', '2024-08-31 22:32:49'),
(816, 'Bangarmau', 1, 73, '2024-08-31 22:32:49', '2024-08-31 22:32:49'),
(817, 'Bichhiya', 1, 73, '2024-08-31 22:32:49', '2024-08-31 22:32:49'),
(818, 'Bighapur', 1, 73, '2024-08-31 22:32:49', '2024-08-31 22:32:49'),
(819, 'Fatehpur Chaurasi', 1, 73, '2024-08-31 22:32:49', '2024-08-31 22:32:49'),
(820, 'Ganj Moradabad', 1, 73, '2024-08-31 22:32:49', '2024-08-31 22:32:49'),
(821, 'Hasanganj', 1, 73, '2024-08-31 22:32:49', '2024-08-31 22:32:49'),
(822, 'Hilauli', 1, 73, '2024-08-31 22:32:49', '2024-08-31 22:32:49'),
(823, 'Mianganj', 1, 73, '2024-08-31 22:32:49', '2024-08-31 22:32:49'),
(824, 'Nawabganj', 1, 73, '2024-08-31 22:32:49', '2024-08-31 22:32:49'),
(825, 'Purwa', 1, 73, '2024-08-31 22:32:49', '2024-08-31 22:32:49'),
(826, 'Safipur', 1, 73, '2024-08-31 22:32:49', '2024-08-31 22:32:49'),
(827, 'Sikandarpur Karan', 1, 73, '2024-08-31 22:32:49', '2024-08-31 22:32:49'),
(828, 'Sikandarpur Sarausi', 1, 73, '2024-08-31 22:32:49', '2024-08-31 22:32:49'),
(829, 'Sumerpur', 1, 73, '2024-08-31 22:32:49', '2024-08-31 22:32:49'),
(830, 'Arajiline', 1, 74, '2024-08-31 22:34:14', '2024-08-31 22:34:14'),
(831, 'Baragaon', 1, 74, '2024-08-31 22:34:14', '2024-08-31 22:34:14'),
(832, 'Chiraigaon', 1, 74, '2024-08-31 22:34:14', '2024-08-31 22:34:14'),
(833, 'Cholapur', 1, 74, '2024-08-31 22:34:14', '2024-08-31 22:34:14'),
(834, 'Harahua', 1, 74, '2024-08-31 22:34:14', '2024-08-31 22:34:14'),
(835, 'Kashi Vidyapeeth', 1, 74, '2024-08-31 22:34:14', '2024-08-31 22:34:14'),
(836, 'Pindra', 1, 74, '2024-08-31 22:34:14', '2024-08-31 22:34:14'),
(837, 'Sevapuri', 1, 74, '2024-08-31 22:34:14', '2024-08-31 22:34:14'),
(838, 'Nil', 1, 76, '2024-09-26 23:26:05', '2024-09-26 23:26:05');

-- --------------------------------------------------------

--
-- Table structure for table `districts`
--

CREATE TABLE `districts` (
  `id` int(11) NOT NULL,
  `name` varchar(50) NOT NULL,
  `state_id` int(11) NOT NULL,
  `created_at` datetime NOT NULL DEFAULT current_timestamp(),
  `updated_at` datetime NOT NULL DEFAULT current_timestamp()
) ENGINE=InnoDB DEFAULT CHARSET=utf8mb4 COLLATE=utf8mb4_unicode_ci;

--
-- Dumping data for table `districts`
--

INSERT INTO `districts` (`id`, `name`, `state_id`, `created_at`, `updated_at`) VALUES
(1, '', 1, '2024-08-31 18:51:18', '2024-08-31 18:51:18'),
(2, '', 1, '2024-08-31 18:51:18', '2024-08-31 18:51:18'),
(3, ' ', 1, '2024-08-31 18:51:18', '2024-08-31 18:51:18'),
(4, '', 1, '2024-08-31 18:51:18', '2024-08-31 18:51:18'),
(5, '', 1, '2024-08-31 18:51:18', '2024-08-31 18:51:18'),
(6, '', 1, '2024-08-31 18:51:18', '2024-08-31 18:51:18'),
(7, '', 1, '2024-08-31 18:51:18', '2024-08-31 18:51:18'),
(8, '', 1, '2024-08-31 18:51:18', '2024-08-31 18:51:18'),
(9, '', 1, '2024-08-31 18:51:18', '2024-08-31 18:51:18'),
(10, '', 1, '2024-08-31 18:51:18', '2024-08-31 18:51:18'),
(11, '', 1, '2024-08-31 18:51:18', '2024-08-31 18:51:18'),
(12, '', 1, '2024-08-31 18:51:18', '2024-08-31 18:51:18'),
(13, '', 1, '2024-08-31 18:51:18', '2024-08-31 18:51:18'),
(14, '', 1, '2024-08-31 18:51:18', '2024-08-31 18:51:18'),
(15, '', 1, '2024-08-31 18:51:18', '2024-08-31 18:51:18'),
(16, '', 1, '2024-08-31 18:51:18', '2024-08-31 18:51:18'),
(17, '', 1, '2024-08-31 18:51:18', '2024-08-31 18:51:18'),
(18, '', 1, '2024-08-31 18:51:18', '2024-08-31 18:51:18'),
(19, '', 1, '2024-08-31 18:51:18', '2024-08-31 18:51:18'),
(20, '', 1, '2024-08-31 18:51:18', '2024-08-31 18:51:18'),
(21, '', 1, '2024-08-31 18:51:18', '2024-08-31 18:51:18'),
(22, '', 1, '2024-08-31 18:51:18', '2024-08-31 18:51:18'),
(23, '', 1, '2024-08-31 18:51:18', '2024-08-31 18:51:18'),
(24, '', 1, '2024-08-31 18:51:18', '2024-08-31 18:51:18'),
(25, '', 1, '2024-08-31 18:51:18', '2024-08-31 18:51:18'),
(26, '', 1, '2024-08-31 18:51:18', '2024-08-31 18:51:18'),
(27, '', 1, '2024-08-31 18:51:18', '2024-08-31 18:51:18'),
(28, '', 1, '2024-08-31 18:51:18', '2024-08-31 18:51:18'),
(29, '  ', 1, '2024-08-31 18:51:18', '2024-08-31 18:51:18'),
(30, '', 1, '2024-08-31 18:51:18', '2024-08-31 18:51:18'),
(31, '', 1, '2024-08-31 18:51:18', '2024-08-31 18:51:18'),
(32, '', 1, '2024-08-31 18:51:18', '2024-08-31 18:51:18'),
(33, '', 1, '2024-08-31 18:51:18', '2024-08-31 18:51:18'),
(34, '', 1, '2024-08-31 18:51:18', '2024-08-31 18:51:18'),
(35, '', 1, '2024-08-31 18:51:18', '2024-08-31 18:51:18'),
(36, '', 1, '2024-08-31 18:51:18', '2024-08-31 18:51:18'),
(37, '', 1, '2024-08-31 18:51:18', '2024-08-31 18:51:18'),
(38, '', 1, '2024-08-31 18:51:18', '2024-08-31 18:51:18'),
(39, '', 1, '2024-08-31 18:51:18', '2024-08-31 18:51:18'),
(40, '', 1, '2024-08-31 18:51:18', '2024-08-31 18:51:18'),
(41, '', 1, '2024-08-31 18:51:18', '2024-08-31 18:51:18'),
(42, ' ', 1, '2024-08-31 18:51:18', '2024-08-31 18:51:18'),
(43, ' ', 1, '2024-08-31 18:51:18', '2024-08-31 18:51:18'),
(44, '', 1, '2024-08-31 18:51:18', '2024-08-31 18:51:18'),
(45, '', 1, '2024-08-31 18:51:18', '2024-08-31 18:51:18'),
(46, '', 1, '2024-08-31 18:51:18', '2024-08-31 18:51:18'),
(47, '', 1, '2024-08-31 18:51:18', '2024-08-31 18:51:18'),
(48, '', 1, '2024-08-31 18:51:18', '2024-08-31 18:51:18'),
(49, '', 1, '2024-08-31 18:51:18', '2024-08-31 18:51:18'),
(50, '', 1, '2024-08-31 18:51:18', '2024-08-31 18:51:18'),
(51, '', 1, '2024-08-31 18:51:18', '2024-08-31 18:51:18'),
(52, '', 1, '2024-08-31 18:51:18', '2024-08-31 18:51:18'),
(53, '', 1, '2024-08-31 18:51:18', '2024-08-31 18:51:18'),
(54, '', 1, '2024-08-31 18:51:18', '2024-08-31 18:51:18'),
(55, '', 1, '2024-08-31 18:51:18', '2024-08-31 18:51:18'),
(56, '', 1, '2024-08-31 18:51:18', '2024-08-31 18:51:18'),
(57, '', 1, '2024-08-31 18:51:18', '2024-08-31 18:51:18'),
(58, '', 1, '2024-08-31 18:51:18', '2024-08-31 18:51:18'),
(59, '', 1, '2024-08-31 18:51:18', '2024-08-31 18:51:18'),
(60, '', 1, '2024-08-31 18:51:18', '2024-08-31 18:51:18'),
(61, '', 1, '2024-08-31 18:51:18', '2024-08-31 18:51:18'),
(62, '', 1, '2024-08-31 18:51:18', '2024-08-31 18:51:18'),
(63, '', 1, '2024-08-31 18:51:18', '2024-08-31 18:51:18'),
(64, '', 1, '2024-08-31 18:51:18', '2024-08-31 18:51:18'),
(65, '  ', 1, '2024-08-31 18:51:18', '2024-08-31 18:51:18'),
(66, '', 1, '2024-08-31 18:51:18', '2024-08-31 18:51:18'),
(67, '', 1, '2024-08-31 18:51:18', '2024-08-31 18:51:18'),
(68, '', 1, '2024-08-31 18:51:18', '2024-08-31 18:51:18'),
(69, '', 1, '2024-08-31 18:51:18', '2024-08-31 18:51:18'),
(70, '', 1, '2024-08-31 18:51:18', '2024-08-31 18:51:18'),
(71, '', 1, '2024-08-31 18:51:18', '2024-08-31 18:51:18'),
(72, '', 1, '2024-08-31 18:51:18', '2024-08-31 18:51:18'),
(73, '', 1, '2024-08-31 18:51:18', '2024-08-31 18:51:18'),
(74, '', 1, '2024-08-31 18:51:18', '2024-08-31 18:51:18'),
(75, '', 1, '2024-08-31 18:51:18', '2024-08-31 18:51:18'),
(76, 'Nil', 3, '2024-09-26 23:10:19', '2024-09-26 23:10:19');

-- --------------------------------------------------------

--
-- Table structure for table `loksabha`
--

CREATE TABLE `loksabha` (
  `id` int(11) NOT NULL,
  `name` varchar(50) NOT NULL,
  `state_id` int(11) NOT NULL DEFAULT 1,
  `created_at` datetime NOT NULL DEFAULT current_timestamp(),
  `updated_at` datetime NOT NULL DEFAULT current_timestamp()
) ENGINE=InnoDB DEFAULT CHARSET=utf8mb4 COLLATE=utf8mb4_unicode_ci;

--
-- Dumping data for table `loksabha`
--

INSERT INTO `loksabha` (`id`, `name`, `state_id`, `created_at`, `updated_at`) VALUES
(1, ' Saharanpur', 1, '2024-08-31 17:28:18', '2024-08-31 17:28:18'),
(2, ' Kairana', 1, '2024-08-31 17:28:18', '2024-08-31 17:28:18'),
(3, ' Muzaffarnagar', 1, '2024-08-31 17:28:18', '2024-08-31 17:28:18'),
(4, 'Bijnor', 1, '2024-08-31 17:28:18', '2024-08-31 17:28:18'),
(5, 'Nagina (A.J.A.)', 1, '2024-08-31 17:28:18', '2024-08-31 17:28:18'),
(6, 'Moradabad', 1, '2024-08-31 17:28:18', '2024-08-31 17:28:18'),
(7, 'Rampur', 1, '2024-08-31 17:28:18', '2024-08-31 17:28:18'),
(8, 'Sambhal', 1, '2024-08-31 17:28:18', '2024-08-31 17:28:18'),
(9, 'Amroha', 1, '2024-08-31 17:28:18', '2024-08-31 17:28:18'),
(10, 'Meerut', 1, '2024-08-31 17:28:18', '2024-08-31 17:28:18'),
(11, 'Baghpat', 1, '2024-08-31 17:28:18', '2024-08-31 17:28:18'),
(12, 'Ghaziabad', 1, '2024-08-31 17:28:18', '2024-08-31 17:28:18'),
(13, 'Gautam Buddh Nagar', 1, '2024-08-31 17:28:18', '2024-08-31 17:28:18'),
(14, 'Bulandshahr (A.J.A.)', 1, '2024-08-31 17:28:18', '2024-08-31 17:28:18'),
(15, 'Aligarh', 1, '2024-08-31 17:28:18', '2024-08-31 17:28:18'),
(16, 'Hathras (A.J.A.)', 1, '2024-08-31 17:28:18', '2024-08-31 17:28:18'),
(17, 'Mathura', 1, '2024-08-31 17:28:18', '2024-08-31 17:28:18'),
(18, 'Agra (A.J.A.)', 1, '2024-08-31 17:28:18', '2024-08-31 17:28:18'),
(19, 'Fatehpur Sikri', 1, '2024-08-31 17:28:18', '2024-08-31 17:28:18'),
(20, 'Firozabad', 1, '2024-08-31 17:28:18', '2024-08-31 17:28:18'),
(21, 'Mainpuri', 1, '2024-08-31 17:28:18', '2024-08-31 17:28:18'),
(22, 'Etah', 1, '2024-08-31 17:28:18', '2024-08-31 17:28:18'),
(23, 'Badaun', 1, '2024-08-31 17:28:18', '2024-08-31 17:28:18'),
(24, 'Aonla', 1, '2024-08-31 17:28:18', '2024-08-31 17:28:18'),
(25, 'Bareilly', 1, '2024-08-31 17:28:18', '2024-08-31 17:28:18'),
(26, 'Pilibhit', 1, '2024-08-31 17:28:18', '2024-08-31 17:28:18'),
(27, 'Shahjahanpur (A.J.A.)', 1, '2024-08-31 17:28:18', '2024-08-31 17:28:18'),
(28, 'Kheri', 1, '2024-08-31 17:28:18', '2024-08-31 17:28:18'),
(29, 'Dhourhara', 1, '2024-08-31 17:28:18', '2024-08-31 17:28:18'),
(30, 'Sitapur', 1, '2024-08-31 17:28:18', '2024-08-31 17:28:18'),
(31, 'Hardoi (A.J.A.)', 1, '2024-08-31 17:28:18', '2024-08-31 17:28:18'),
(32, 'Mishrikh (A.J.A.)', 1, '2024-08-31 17:28:18', '2024-08-31 17:28:18'),
(33, 'Unnao', 1, '2024-08-31 17:28:18', '2024-08-31 17:28:18'),
(34, 'Mohanlalganj (A.J.A.)', 1, '2024-08-31 17:28:18', '2024-08-31 17:28:18'),
(35, 'Lucknow', 1, '2024-08-31 17:28:18', '2024-08-31 17:28:18'),
(36, 'Raebareli', 1, '2024-08-31 17:28:18', '2024-08-31 17:28:18'),
(37, 'Amethi', 1, '2024-08-31 17:28:18', '2024-08-31 17:28:18'),
(38, 'Sultanpur', 1, '2024-08-31 17:28:18', '2024-08-31 17:28:18'),
(39, 'Pratapgarh', 1, '2024-08-31 17:28:18', '2024-08-31 17:28:18'),
(40, 'Farrukhabad', 1, '2024-08-31 17:28:18', '2024-08-31 17:28:18'),
(41, 'Etawah (A.J.A.)', 1, '2024-08-31 17:28:18', '2024-08-31 17:28:18'),
(42, 'Kannauj', 1, '2024-08-31 17:28:18', '2024-08-31 17:28:18'),
(43, 'Kanpur', 1, '2024-08-31 17:28:18', '2024-08-31 17:28:18'),
(44, 'Akbarpur', 1, '2024-08-31 17:28:18', '2024-08-31 17:28:18'),
(45, 'Jalaun (A.J.A.)', 1, '2024-08-31 17:28:18', '2024-08-31 17:28:18'),
(46, 'Jhansi', 1, '2024-08-31 17:28:18', '2024-08-31 17:28:18'),
(47, 'Hamirpur', 1, '2024-08-31 17:28:18', '2024-08-31 17:28:18'),
(48, 'Banda', 1, '2024-08-31 17:28:18', '2024-08-31 17:28:18'),
(49, 'Fatehpur', 1, '2024-08-31 17:28:18', '2024-08-31 17:28:18'),
(50, 'Kaushambi (A.J.A.)', 1, '2024-08-31 17:28:18', '2024-08-31 17:28:18'),
(51, 'Phoolpur', 1, '2024-08-31 17:28:18', '2024-08-31 17:28:18'),
(52, 'Allahabad', 1, '2024-08-31 17:28:18', '2024-08-31 17:28:18'),
(53, 'Barabanki (A.J.A.)', 1, '2024-08-31 17:28:18', '2024-08-31 17:28:18'),
(54, 'Faizabad', 1, '2024-08-31 17:28:18', '2024-08-31 17:28:18'),
(55, 'Ambedkar Nagar', 1, '2024-08-31 17:28:18', '2024-08-31 17:28:18'),
(56, 'Bahraich (A.J.A.)', 1, '2024-08-31 17:28:18', '2024-08-31 17:28:18'),
(57, 'Kaiserganj', 1, '2024-08-31 17:28:18', '2024-08-31 17:28:18'),
(58, 'Shrawasti', 1, '2024-08-31 17:28:18', '2024-08-31 17:28:18'),
(59, 'Gonda', 1, '2024-08-31 17:28:18', '2024-08-31 17:28:18'),
(60, 'Dumariyaganj', 1, '2024-08-31 17:28:18', '2024-08-31 17:28:18'),
(61, 'Basti', 1, '2024-08-31 17:28:18', '2024-08-31 17:28:18'),
(62, 'Sant Kabir Nagar', 1, '2024-08-31 17:28:18', '2024-08-31 17:28:18'),
(63, 'Maharajganj', 1, '2024-08-31 17:28:18', '2024-08-31 17:28:18'),
(64, 'Gorakhpur', 1, '2024-08-31 17:28:18', '2024-08-31 17:28:18'),
(65, 'Kushinagar', 1, '2024-08-31 17:28:18', '2024-08-31 17:28:18'),
(66, 'Deoria', 1, '2024-08-31 17:28:18', '2024-08-31 17:28:18'),
(67, 'Bansgaon (A.J.A.)', 1, '2024-08-31 17:28:18', '2024-08-31 17:28:18'),
(68, 'Lalganj (A.J.A.)', 1, '2024-08-31 17:28:18', '2024-08-31 17:28:18'),
(69, 'Azamgarh', 1, '2024-08-31 17:28:18', '2024-08-31 17:28:18'),
(70, 'Ghosi', 1, '2024-08-31 17:28:18', '2024-08-31 17:28:18'),
(71, 'Salem Pur', 1, '2024-08-31 17:28:18', '2024-08-31 17:28:18'),
(72, 'Ballia', 1, '2024-08-31 17:28:18', '2024-08-31 17:28:18'),
(73, 'Jaunpur', 1, '2024-08-31 17:28:18', '2024-08-31 17:28:18'),
(74, 'Machhlishahr (A.J.A.)', 1, '2024-08-31 17:28:18', '2024-08-31 17:28:18'),
(75, 'Gazipur', 1, '2024-08-31 17:28:18', '2024-08-31 17:28:18'),
(76, 'Chandauli', 1, '2024-08-31 17:28:18', '2024-08-31 17:28:18'),
(77, 'Varanasi', 1, '2024-08-31 17:28:18', '2024-08-31 17:28:18'),
(78, 'Bhadohi', 1, '2024-08-31 17:28:18', '2024-08-31 17:28:18'),
(79, 'Mirzapur', 1, '2024-08-31 17:28:18', '2024-08-31 17:28:18'),
(80, 'Robertsganj (A.J.A.)', 1, '2024-08-31 17:28:18', '2024-08-31 17:28:18'),
(81, 'Nil', 3, '2024-09-26 22:59:37', '2024-09-26 22:59:37');

-- --------------------------------------------------------

--
-- Table structure for table `members`
--

CREATE TABLE `members` (
  `id` int(11) NOT NULL,
  `fname` varchar(50) CHARACTER SET utf8mb4 COLLATE utf8mb4_unicode_ci NOT NULL,
  `lname` varchar(50) CHARACTER SET utf8mb4 COLLATE utf8mb4_unicode_ci DEFAULT NULL,
  `phone` varchar(15) NOT NULL,
  `email` varchar(100) DEFAULT NULL,
  `gender` int(11) NOT NULL,
  `education_id` int(11) NOT NULL,
  `marital_status` int(11) NOT NULL,
  `dob` date DEFAULT NULL,
  `state_id` int(11) DEFAULT NULL,
  `district_id` int(11) NOT NULL,
  `block_id` int(11) NOT NULL,
  `loksabha_id` int(11) NOT NULL,
  `vidhansabha_id` int(11) NOT NULL,
  `locality` tinyint(1) NOT NULL,
  `village` varchar(50) CHARACTER SET utf8mb4 COLLATE utf8mb4_unicode_ci DEFAULT NULL,
  `urban_body` int(11) DEFAULT NULL,
  `bodies_name` varchar(100) CHARACTER SET utf8mb4 COLLATE utf8mb4_unicode_ci DEFAULT NULL,
  `role_id` int(3) NOT NULL,
  `organization_id` int(11) NOT NULL,
  `ref_by` int(11) NOT NULL,
  `photo` varchar(150) DEFAULT NULL,
  `created_at` datetime NOT NULL DEFAULT current_timestamp(),
  `updated_at` datetime NOT NULL DEFAULT current_timestamp()
) ENGINE=InnoDB DEFAULT CHARSET=latin1 COLLATE=latin1_swedish_ci;

--
-- Dumping data for table `members`
--

INSERT INTO `members` (`id`, `fname`, `lname`, `phone`, `email`, `gender`, `education_id`, `marital_status`, `dob`, `state_id`, `district_id`, `block_id`, `loksabha_id`, `vidhansabha_id`, `locality`, `village`, `urban_body`, `bodies_name`, `role_id`, `organization_id`, `ref_by`, `photo`, `created_at`, `updated_at`) VALUES
(1, 'Dr. Sanjay', 'Nishad', '9058219503', 'rahul@gmail.com', 1, 8, 1, '2000-01-04', 1, 28, 321, 20, 95, 1, '', 1, 'sssdfsf', 2, 1, 1, '1749880598_image2.jpg', '2024-09-18 12:26:11', '2025-06-14 11:26:38'),
(101, 'Piyush', 'Singh', '7706818532', 'piyush@mail.com', 1, 5, 1, '1999-06-19', 1, 49, 541, 35, 174, 1, '', 1, 'Kamta', 16, 1, 1, '1749880815_image2.jpg', '2025-06-14 11:30:15', '2025-06-14 11:30:15'),
(102, 'Prince', 'Singh', '8993762836', 'prince@mail.com', 1, 3, 1, '2000-03-01', 1, 30, 332, 12, 53, 1, '', 2, '', 28, 3, 1, '1749883105_image2.jpg', '2025-06-14 11:58:25', '2025-06-14 12:08:25'),
(103, 'Nitish', 'Singh', '2894723974', 'nitish@mail.com', 1, 4, 1, '2000-07-19', 1, 11, 134, 72, 378, 2, 'hjkhhj', NULL, '', 19, 5, 3, '1749885875_image2.jpg', '2025-06-14 12:54:35', '2025-06-14 12:54:35'),
(107, 'Bhanu Pratap', 'Singh', '9839082509', 'bhanu@mail.com', 1, 5, 1, '2000-02-01', 1, 33, 385, 67, 326, 2, 'Gauner', NULL, '', 28, 5, 1, '1749964779_image2.jpg', '2025-06-15 10:49:39', '2025-06-15 10:49:39');

-- --------------------------------------------------------

--
-- Table structure for table `notifications`
--

CREATE TABLE `notifications` (
  `id` int(11) NOT NULL,
  `title` varchar(100) NOT NULL,
  `body` text NOT NULL,
  `type` int(11) NOT NULL,
  `created_at` datetime NOT NULL DEFAULT current_timestamp()
) ENGINE=InnoDB DEFAULT CHARSET=utf8mb4 COLLATE=utf8mb4_general_ci;

-- --------------------------------------------------------

--
-- Table structure for table `organization`
--

CREATE TABLE `organization` (
  `id` int(11) NOT NULL,
  `name` varchar(50) NOT NULL
) ENGINE=InnoDB DEFAULT CHARSET=utf8mb4 COLLATE=utf8mb4_unicode_ci;

--
-- Dumping data for table `organization`
--

INSERT INTO `organization` (`id`, `name`) VALUES
(1, ' '),
(2, '   '),
(3, ' '),
(4, ' '),
(5, '    '),
(6, '   '),
(7, 'Nil'),
(8, '  '),
(9, ' '),
(10, ' '),
(11, ' '),
(12, ' '),
(13, ' '),
(14, ' ');

-- --------------------------------------------------------

--
-- Table structure for table `permissions`
--

CREATE TABLE `permissions` (
  `id` int(11) NOT NULL,
  `name` varchar(50) NOT NULL,
  `permission_area` int(11) NOT NULL,
  `permission_type` int(11) NOT NULL
) ENGINE=MyISAM DEFAULT CHARSET=utf8mb4 COLLATE=utf8mb4_general_ci;

-- --------------------------------------------------------

--
-- Table structure for table `qualification`
--

CREATE TABLE `qualification` (
  `id` int(11) NOT NULL,
  `name` varchar(100) NOT NULL,
  `created_at` datetime NOT NULL,
  `updated_at` datetime NOT NULL
) ENGINE=InnoDB DEFAULT CHARSET=utf8mb4 COLLATE=utf8mb4_unicode_ci;

--
-- Dumping data for table `qualification`
--

INSERT INTO `qualification` (`id`, `name`, `created_at`, `updated_at`) VALUES
(1, '/  ', '2024-09-01 08:46:16', '2024-09-01 08:46:16'),
(2, ' ', '2024-09-01 08:46:16', '2024-09-01 08:46:16'),
(3, '', '2024-09-01 08:46:16', '2024-09-01 08:46:16'),
(4, '', '2024-09-01 08:46:16', '2024-09-01 08:46:16'),
(5, '', '2024-09-01 08:46:16', '2024-09-01 08:46:16'),
(6, '', '2024-09-01 08:46:16', '2024-09-01 08:46:16'),
(7, '', '2024-09-04 10:34:01', '2024-09-04 10:34:01'),
(8, 'Nil', '2024-09-26 17:29:58', '2024-09-26 17:29:58');

-- --------------------------------------------------------

--
-- Table structure for table `role`
--

CREATE TABLE `role` (
  `id` int(11) NOT NULL,
  `name` varchar(50) CHARACTER SET utf8mb4 COLLATE utf8mb4_general_ci NOT NULL,
  `working_circle` int(11) NOT NULL,
  `created_at` datetime NOT NULL,
  `updated_at` datetime NOT NULL
) ENGINE=InnoDB DEFAULT CHARSET=utf8mb4 COLLATE=utf8mb4_unicode_ci;

--
-- Dumping data for table `role`
--

INSERT INTO `role` (`id`, `name`, `working_circle`, `created_at`, `updated_at`) VALUES
(1, 'admin', 0, '2024-09-12 09:26:08', '2024-09-12 09:26:08'),
(2, ' ', 1, '2024-09-12 09:26:08', '2024-09-12 09:26:08'),
(3, ' ', 1, '2024-09-12 09:26:08', '2024-09-12 09:26:08'),
(4, ' ', 1, '2024-09-12 09:26:08', '2024-09-12 09:26:08'),
(5, ' ', 1, '2024-09-12 09:26:08', '2024-09-12 09:26:08'),
(6, ' ', 2, '2024-09-12 09:58:36', '2024-09-12 09:58:36'),
(7, ' ', 2, '2024-09-12 09:58:36', '2024-09-12 09:58:36'),
(8, ' ', 2, '2024-09-12 09:58:36', '2024-09-12 09:58:36'),
(9, ' ', 2, '2024-09-12 09:58:36', '2024-09-12 09:58:36'),
(10, ' ', 3, '2024-09-12 09:58:36', '2024-09-12 09:58:36'),
(11, ' ', 4, '2024-09-12 09:58:36', '2024-09-12 09:58:36'),
(12, ' ', 4, '2024-09-12 09:58:36', '2024-09-12 09:58:36'),
(13, ' ', 4, '2024-09-12 09:58:36', '2024-09-12 09:58:36'),
(14, '  ', 4, '2024-09-12 09:58:36', '2024-09-12 09:58:36'),
(15, '  ', 4, '2024-09-12 09:58:36', '2024-09-12 09:58:36'),
(16, '', 4, '2024-09-12 09:58:36', '2024-09-12 09:58:36'),
(17, ' ', 4, '2024-09-12 09:58:36', '2024-09-12 09:58:36'),
(18, ' ', 4, '2024-09-13 06:01:38', '2024-09-13 06:01:38'),
(19, ' ', 4, '2024-09-13 06:01:38', '2024-09-13 06:01:38'),
(20, ' ', 4, '2024-09-13 06:01:38', '2024-09-13 06:01:38'),
(21, ' ', 4, '2024-09-13 06:01:38', '2024-09-13 06:01:38'),
(22, ' ', 4, '2024-09-13 06:01:38', '2024-09-13 06:01:38'),
(23, ' ', 4, '2024-09-13 06:01:38', '2024-09-13 06:01:38'),
(24, 'IT ', 4, '2024-09-13 06:01:38', '2024-09-13 06:01:38'),
(25, '   ()', 4, '2024-09-13 06:01:38', '2024-09-13 06:01:38'),
(26, ' ', 5, '2024-09-13 06:11:45', '2024-09-13 06:11:45'),
(27, ' ', 5, '2024-09-13 06:11:45', '2024-09-13 06:11:45'),
(28, ' ', 5, '2024-09-13 06:11:45', '2024-09-13 06:11:45'),
(29, ' ', 5, '2024-09-13 06:11:45', '2024-09-13 06:11:45'),
(30, ' ', 6, '2024-09-13 06:13:09', '2024-09-13 06:13:09'),
(31, ' ', 6, '2024-09-13 06:13:09', '2024-09-13 06:13:09'),
(32, ' ', 6, '2024-09-13 06:13:09', '2024-09-13 06:13:09'),
(33, '  ', 7, '2024-09-13 06:14:46', '2024-09-13 06:14:46'),
(34, ' ', 7, '2024-09-13 06:14:46', '2024-09-13 06:14:46'),
(35, ' ', 7, '2024-09-13 06:14:46', '2024-09-13 06:14:46'),
(36, '   ()', 7, '2024-09-13 06:14:46', '2024-09-13 06:14:46'),
(37, 'Nil', 0, '2024-09-26 17:31:57', '2024-09-26 17:31:57');

-- --------------------------------------------------------

--
-- Table structure for table `states`
--

CREATE TABLE `states` (
  `id` int(11) NOT NULL,
  `name` varchar(100) NOT NULL,
  `created_at` datetime NOT NULL,
  `updated_at` datetime NOT NULL
) ENGINE=InnoDB DEFAULT CHARSET=utf8mb4 COLLATE=utf8mb4_unicode_ci;

--
-- Dumping data for table `states`
--

INSERT INTO `states` (`id`, `name`, `created_at`, `updated_at`) VALUES
(1, ' ', '2024-09-13 06:39:02', '2024-09-13 06:39:02'),
(2, ' ', '2024-09-13 06:39:02', '2024-09-13 06:39:02'),
(3, 'Nil', '2024-09-26 17:29:03', '2024-09-26 17:29:03');

-- --------------------------------------------------------

--
-- Table structure for table `users`
--

CREATE TABLE `users` (
  `id` int(11) NOT NULL,
  `fname` varchar(50) NOT NULL,
  `lname` varchar(50) NOT NULL,
  `phone` varchar(15) NOT NULL,
  `email` varchar(50) NOT NULL,
  `password` text CHARACTER SET utf8mb4 COLLATE utf8mb4_general_ci NOT NULL,
  `role_id` int(3) NOT NULL,
  `organization_id` int(3) NOT NULL,
  `area_id` int(11) NOT NULL,
  `is_active` tinyint(1) NOT NULL DEFAULT 1,
  `member_id` int(11) NOT NULL,
  `ref_by` int(11) NOT NULL,
  `created_at` datetime NOT NULL DEFAULT current_timestamp(),
  `updated_at` datetime NOT NULL DEFAULT current_timestamp()
) ENGINE=InnoDB DEFAULT CHARSET=utf8mb4 COLLATE=utf8mb4_unicode_ci;

--
-- Dumping data for table `users`
--

INSERT INTO `users` (`id`, `fname`, `lname`, `phone`, `email`, `password`, `role_id`, `organization_id`, `area_id`, `is_active`, `member_id`, `ref_by`, `created_at`, `updated_at`) VALUES
(1, 'Admin', '', '9876543210', 'admin@neoze.com', '470f199ab3c79d442e2e40e80c9c6ecf', 1, 1, 1, 1, 1, 1, '2024-09-14 12:57:59', '2024-09-14 12:57:59'),
(3, 'Piyush', 'Singh', '7706818532', 'piyush@mail.com', '827ccb0eea8a706c4c34a16891f84e7b', 16, 1, 49, 1, 101, 1, '2025-06-14 11:43:25', '2025-06-14 11:43:25'),
(6, 'Prince', 'Singh', '8993762836', 'prince@mail.com', '827ccb0eea8a706c4c34a16891f84e7b', 28, 3, 331, 0, 102, 1, '2025-06-14 12:19:30', '2025-06-14 13:04:31');

-- --------------------------------------------------------

--
-- Table structure for table `vidhansabha`
--

CREATE TABLE `vidhansabha` (
  `id` int(11) NOT NULL,
  `name` varchar(50) NOT NULL,
  `loksabha_id` int(11) NOT NULL,
  `created_at` datetime NOT NULL DEFAULT current_timestamp(),
  `updated_at` datetime NOT NULL DEFAULT current_timestamp()
) ENGINE=InnoDB DEFAULT CHARSET=utf8mb4 COLLATE=utf8mb4_unicode_ci;

--
-- Dumping data for table `vidhansabha`
--

INSERT INTO `vidhansabha` (`id`, `name`, `loksabha_id`, `created_at`, `updated_at`) VALUES
(1, 'Beht', 1, '2024-08-31 16:10:47', '2024-08-31 16:10:47'),
(2, 'Nakud', 2, '2024-08-31 16:10:47', '2024-08-31 16:10:47'),
(3, 'Saharanpur Nagar', 1, '2024-08-31 16:10:47', '2024-08-31 16:10:47'),
(4, 'Saharanpur', 1, '2024-08-31 16:10:47', '2024-08-31 16:10:47'),
(5, 'Deoband', 1, '2024-08-31 16:10:47', '2024-08-31 16:10:47'),
(6, 'Rampurmaniharan (Scheduled Caste)', 1, '2024-08-31 16:10:47', '2024-08-31 16:10:47'),
(7, 'Gangoh', 2, '2024-08-31 16:10:47', '2024-08-31 16:10:47'),
(8, 'Kairana', 2, '2024-08-31 16:10:47', '2024-08-31 16:10:47'),
(9, 'Thana Bhawan', 2, '2024-08-31 16:10:47', '2024-08-31 16:10:47'),
(10, 'Shamli', 2, '2024-08-31 16:10:47', '2024-08-31 16:10:47'),
(11, 'Budhana', 3, '2024-08-31 16:10:47', '2024-08-31 16:10:47'),
(12, 'Charthawal', 3, '2024-08-31 16:10:47', '2024-08-31 16:10:47'),
(13, 'Purkazi (Scheduled Caste)', 4, '2024-08-31 16:10:47', '2024-08-31 16:10:47'),
(14, 'Muzaffarnagar', 3, '2024-08-31 16:10:47', '2024-08-31 16:10:47'),
(15, 'Khatoli', 3, '2024-08-31 16:10:47', '2024-08-31 16:10:47'),
(16, 'Meerapur', 4, '2024-08-31 16:10:47', '2024-08-31 16:10:47'),
(17, 'Najibabad', 5, '2024-08-31 16:10:47', '2024-08-31 16:10:47'),
(18, 'Nagina (Scheduled Caste)', 5, '2024-08-31 16:10:47', '2024-08-31 16:10:47'),
(19, 'Badapur', 6, '2024-08-31 16:10:47', '2024-08-31 16:10:47'),
(20, 'Dhampur', 5, '2024-08-31 16:10:47', '2024-08-31 16:10:47'),
(21, 'Nahatour (Scheduled Caste)', 5, '2024-08-31 16:10:47', '2024-08-31 16:10:47'),
(22, 'Bijnor', 4, '2024-08-31 16:10:47', '2024-08-31 16:10:47'),
(23, 'Chandpur', 4, '2024-08-31 16:10:47', '2024-08-31 16:10:47'),
(24, 'Noorpur', 5, '2024-08-31 16:10:47', '2024-08-31 16:10:47'),
(25, 'Kanth', 6, '2024-08-31 16:10:47', '2024-08-31 16:10:47'),
(26, 'Thakurdwara', 6, '2024-08-31 16:10:47', '2024-08-31 16:10:47'),
(27, 'Moradabad Rural', 6, '2024-08-31 16:10:47', '2024-08-31 16:10:47'),
(28, 'Moradabad City', 6, '2024-08-31 16:10:47', '2024-08-31 16:10:47'),
(29, 'Kundarki', 8, '2024-08-31 16:10:47', '2024-08-31 16:10:47'),
(30, 'Bilari', 8, '2024-08-31 16:10:47', '2024-08-31 16:10:47'),
(31, 'Chandausi (Scheduled Caste)', 8, '2024-08-31 16:10:47', '2024-08-31 16:10:47'),
(32, 'Asamoli', 8, '2024-08-31 16:10:47', '2024-08-31 16:10:47'),
(33, 'Sambhal', 8, '2024-08-31 16:10:47', '2024-08-31 16:10:47'),
(34, 'Suar', 7, '2024-08-31 16:10:47', '2024-08-31 16:10:47'),
(35, 'Chamraua', 7, '2024-08-31 16:10:47', '2024-08-31 16:10:47'),
(36, 'Bilaspur', 7, '2024-08-31 16:10:47', '2024-08-31 16:10:47'),
(37, 'Rampur', 7, '2024-08-31 16:10:47', '2024-08-31 16:10:47'),
(38, 'Milak (Scheduled Caste)', 7, '2024-08-31 16:10:47', '2024-08-31 16:10:47'),
(39, 'Dhanora Scheduled Caste', 9, '2024-08-31 16:10:47', '2024-08-31 16:10:47'),
(40, 'Naugawan Sadat', 9, '2024-08-31 16:10:47', '2024-08-31 16:10:47'),
(41, 'Amroha', 9, '2024-08-31 16:10:47', '2024-08-31 16:10:47'),
(42, 'Hasanpur', 9, '2024-08-31 16:10:47', '2024-08-31 16:10:47'),
(43, 'Sewal Khas', 11, '2024-08-31 16:10:47', '2024-08-31 16:10:47'),
(44, 'Sardhana', 3, '2024-08-31 16:10:47', '2024-08-31 16:10:47'),
(45, 'Hastinapur (Scheduled Caste)', 4, '2024-08-31 16:10:47', '2024-08-31 16:10:47'),
(46, 'Kithor', 10, '2024-08-31 16:10:47', '2024-08-31 16:10:47'),
(47, 'Meerut Cantt', 10, '2024-08-31 16:10:47', '2024-08-31 16:10:47'),
(48, 'Meerut', 10, '2024-08-31 16:10:47', '2024-08-31 16:10:47'),
(49, 'Meerut South', 10, '2024-08-31 16:10:47', '2024-08-31 16:10:47'),
(50, 'Chaprauli', 11, '2024-08-31 16:10:47', '2024-08-31 16:10:47'),
(51, 'Baraut', 11, '2024-08-31 16:10:47', '2024-08-31 16:10:47'),
(52, 'Baghpat', 11, '2024-08-31 16:10:47', '2024-08-31 16:10:47'),
(53, 'Loni', 12, '2024-08-31 16:10:47', '2024-08-31 16:10:47'),
(54, 'Muradnagar', 12, '2024-08-31 16:10:47', '2024-08-31 16:10:47'),
(55, 'Sahibabad', 12, '2024-08-31 16:10:47', '2024-08-31 16:10:47'),
(56, 'Ghaziabad', 12, '2024-08-31 16:10:47', '2024-08-31 16:10:47'),
(57, 'Modinagar', 11, '2024-08-31 16:10:47', '2024-08-31 16:10:47'),
(58, 'Dholana', 12, '2024-08-31 16:10:47', '2024-08-31 16:10:47'),
(59, 'Hapur (Scheduled Caste)', 10, '2024-08-31 16:10:47', '2024-08-31 16:10:47'),
(60, 'Gadhmukteshwar', 9, '2024-08-31 16:10:47', '2024-08-31 16:10:47'),
(61, 'Noida', 13, '2024-08-31 16:10:47', '2024-08-31 16:10:47'),
(62, 'Dadri', 13, '2024-08-31 16:10:47', '2024-08-31 16:10:47'),
(63, 'Jewar', 13, '2024-08-31 16:10:47', '2024-08-31 16:10:47'),
(64, 'Sikandrabad', 13, '2024-08-31 16:10:47', '2024-08-31 16:10:47'),
(65, 'Bulandshahr', 14, '2024-08-31 16:10:47', '2024-08-31 16:10:47'),
(66, 'Syana', 14, '2024-08-31 16:10:47', '2024-08-31 16:10:47'),
(67, 'Anupshahr', 14, '2024-08-31 16:10:47', '2024-08-31 16:10:47'),
(68, 'Dibai', 14, '2024-08-31 16:10:47', '2024-08-31 16:10:47'),
(69, 'Shikarpur', 14, '2024-08-31 16:10:47', '2024-08-31 16:10:47'),
(70, 'Khurja (Scheduled Caste)', 13, '2024-08-31 16:10:47', '2024-08-31 16:10:47'),
(71, 'Khair Scheduled Caste', 15, '2024-08-31 16:10:47', '2024-08-31 16:10:47'),
(72, 'Baroli', 15, '2024-08-31 16:10:47', '2024-08-31 16:10:47'),
(73, 'Atrauli', 15, '2024-08-31 16:10:47', '2024-08-31 16:10:47'),
(74, 'Chharra', 16, '2024-08-31 16:10:47', '2024-08-31 16:10:47'),
(75, 'Kol', 15, '2024-08-31 16:10:47', '2024-08-31 16:10:47'),
(76, 'Aligarh', 15, '2024-08-31 16:10:47', '2024-08-31 16:10:47'),
(77, 'Iglas (Scheduled Caste)', 16, '2024-08-31 16:10:47', '2024-08-31 16:10:47'),
(78, 'Hathras (Scheduled Caste)', 16, '2024-08-31 16:10:47', '2024-08-31 16:10:47'),
(79, 'Sadabad', 16, '2024-08-31 16:10:47', '2024-08-31 16:10:47'),
(80, 'Sikandra Rao', 16, '2024-08-31 16:10:47', '2024-08-31 16:10:47'),
(81, 'Chhata', 17, '2024-08-31 16:10:47', '2024-08-31 16:10:47'),
(82, 'Mant', 17, '2024-08-31 16:10:47', '2024-08-31 16:10:47'),
(83, 'Govardhan', 17, '2024-08-31 16:10:47', '2024-08-31 16:10:47'),
(84, 'Mathura', 17, '2024-08-31 16:10:47', '2024-08-31 16:10:47'),
(85, 'Baldev (Scheduled Caste)', 17, '2024-08-31 16:10:47', '2024-08-31 16:10:47'),
(86, 'Etmadpur', 18, '2024-08-31 16:10:47', '2024-08-31 16:10:47'),
(87, 'Agra Cantonment (Scheduled Caste)', 18, '2024-08-31 16:10:47', '2024-08-31 16:10:47'),
(88, 'Agra South', 18, '2024-08-31 16:10:47', '2024-08-31 16:10:47'),
(89, 'Agra North', 18, '2024-08-31 16:10:47', '2024-08-31 16:10:47'),
(90, 'Agra Rural (Scheduled Caste)', 19, '2024-08-31 16:10:47', '2024-08-31 16:10:47'),
(91, 'Fatehpur Sikri', 19, '2024-08-31 16:10:47', '2024-08-31 16:10:47'),
(92, 'Kheragarh', 19, '2024-08-31 16:10:47', '2024-08-31 16:10:47'),
(93, 'Fatehabad', 19, '2024-08-31 16:10:47', '2024-08-31 16:10:47'),
(94, 'Bah', 19, '2024-08-31 16:10:47', '2024-08-31 16:10:47'),
(95, 'Tundla (Scheduled Caste)', 20, '2024-08-31 16:10:47', '2024-08-31 16:10:47'),
(96, 'Jasrana', 20, '2024-08-31 16:10:47', '2024-08-31 16:10:47'),
(97, 'Firozabad', 20, '2024-08-31 16:10:47', '2024-08-31 16:10:47'),
(98, 'Sikohabad', 20, '2024-08-31 16:10:47', '2024-08-31 16:10:47'),
(99, 'Sirsaganj', 20, '2024-08-31 16:10:47', '2024-08-31 16:10:47'),
(100, 'Kasganj', 22, '2024-08-31 16:10:47', '2024-08-31 16:10:47'),
(101, 'Amampur', 22, '2024-08-31 16:12:21', '2024-08-31 16:12:21'),
(102, 'Patiyali', 22, '2024-08-31 16:12:21', '2024-08-31 16:12:21'),
(103, 'Aliganj', 40, '2024-08-31 16:12:21', '2024-08-31 16:12:21'),
(104, 'Etah', 22, '2024-08-31 16:12:21', '2024-08-31 16:12:21'),
(105, 'Marhara', 22, '2024-08-31 16:12:21', '2024-08-31 16:12:21'),
(106, 'Jalesar (Scheduled Caste)', 18, '2024-08-31 16:12:21', '2024-08-31 16:12:21'),
(107, 'Mainpuri', 21, '2024-08-31 16:12:21', '2024-08-31 16:12:21'),
(108, 'Bhogan', 21, '2024-08-31 16:12:21', '2024-08-31 16:12:21'),
(109, 'Kishni (Scheduled Caste)', 21, '2024-08-31 16:12:21', '2024-08-31 16:12:21'),
(110, 'Karhal', 21, '2024-08-31 16:12:21', '2024-08-31 16:12:21'),
(111, 'Gunnaur', 23, '2024-08-31 16:12:21', '2024-08-31 16:12:21'),
(112, 'Bisauli (Scheduled Caste)', 23, '2024-08-31 16:12:21', '2024-08-31 16:12:21'),
(113, 'Sahaswan', 23, '2024-08-31 16:12:21', '2024-08-31 16:12:21'),
(114, 'Bilsie', 23, '2024-08-31 16:12:21', '2024-08-31 16:12:21'),
(115, 'Badaun', 23, '2024-08-31 16:12:21', '2024-08-31 16:12:21'),
(116, 'Shekhupur', 24, '2024-08-31 16:12:21', '2024-08-31 16:12:21'),
(117, 'Dataganj', 24, '2024-08-31 16:12:21', '2024-08-31 16:12:21'),
(118, 'Bheedi', 26, '2024-08-31 16:12:21', '2024-08-31 16:12:21'),
(119, 'Mirganj', 25, '2024-08-31 16:12:21', '2024-08-31 16:12:21'),
(120, 'Bhojipura', 25, '2024-08-31 16:12:21', '2024-08-31 16:12:21'),
(121, 'Nawabganj', 25, '2024-08-31 16:12:21', '2024-08-31 16:12:21'),
(122, 'Faridpur (Scheduled Caste)', 24, '2024-08-31 16:12:21', '2024-08-31 16:12:21'),
(123, 'Bithri Chainpur', 24, '2024-08-31 16:12:21', '2024-08-31 16:12:21'),
(124, 'Bareilly', 25, '2024-08-31 16:12:21', '2024-08-31 16:12:21'),
(125, 'Bareilly Cantonment', 25, '2024-08-31 16:12:21', '2024-08-31 16:12:21'),
(126, 'Aonla', 24, '2024-08-31 16:12:21', '2024-08-31 16:12:21'),
(127, 'Pilibhit', 26, '2024-08-31 16:12:21', '2024-08-31 16:12:21'),
(128, 'Barkhera', 26, '2024-08-31 16:12:21', '2024-08-31 16:12:21'),
(129, 'Puranpur (Scheduled Caste)', 26, '2024-08-31 16:12:21', '2024-08-31 16:12:21'),
(130, 'Bisalpur', 26, '2024-08-31 16:12:21', '2024-08-31 16:12:21'),
(131, 'Katra', 27, '2024-08-31 16:12:21', '2024-08-31 16:12:21'),
(132, 'Jalalabad', 27, '2024-08-31 16:12:21', '2024-08-31 16:12:21'),
(133, 'Tilhar', 27, '2024-08-31 16:12:21', '2024-08-31 16:12:21'),
(134, 'Puwayan (Scheduled Caste)', 27, '2024-08-31 16:12:21', '2024-08-31 16:12:21'),
(135, 'Shahjahanpur', 27, '2024-08-31 16:12:21', '2024-08-31 16:12:21'),
(136, 'Dadraul', 27, '2024-08-31 16:12:21', '2024-08-31 16:12:21'),
(137, 'Paliya', 28, '2024-08-31 16:12:21', '2024-08-31 16:12:21'),
(138, 'Nighasan', 28, '2024-08-31 16:12:21', '2024-08-31 16:12:21'),
(139, 'Gola Gokarnath', 28, '2024-08-31 16:12:21', '2024-08-31 16:12:21'),
(140, 'Shri Nagar (Scheduled Caste)', 28, '2024-08-31 16:12:21', '2024-08-31 16:12:21'),
(141, 'Dhourhara', 29, '2024-08-31 16:12:21', '2024-08-31 16:12:21'),
(142, 'Lakhimpur', 28, '2024-08-31 16:12:21', '2024-08-31 16:12:21'),
(143, 'Kasta (Scheduled Caste)', 29, '2024-08-31 16:12:21', '2024-08-31 16:12:21'),
(144, 'Mohammadi', 29, '2024-08-31 16:12:21', '2024-08-31 16:12:21'),
(145, 'Mohali', 29, '2024-08-31 16:12:21', '2024-08-31 16:12:21'),
(146, 'Sitapur', 30, '2024-08-31 16:12:21', '2024-08-31 16:12:21'),
(147, 'Harganv (Scheduled Caste)', 29, '2024-08-31 16:12:21', '2024-08-31 16:12:21'),
(148, 'Laharpur', 30, '2024-08-31 16:12:21', '2024-08-31 16:12:21'),
(149, 'Biswan', 30, '2024-08-31 16:12:21', '2024-08-31 16:12:21'),
(150, 'Sevta', 30, '2024-08-31 16:12:21', '2024-08-31 16:12:21'),
(151, 'Mahmudabad', 30, '2024-08-31 16:12:21', '2024-08-31 16:12:21'),
(152, 'Sidhouli (Scheduled Caste)', 34, '2024-08-31 16:12:21', '2024-08-31 16:12:21'),
(153, 'Mishrik (Scheduled Caste)', 32, '2024-08-31 16:12:21', '2024-08-31 16:12:21'),
(154, 'Swaijpur', 31, '2024-08-31 16:12:21', '2024-08-31 16:12:21'),
(155, 'Shahabad', 31, '2024-08-31 16:12:21', '2024-08-31 16:12:21'),
(156, 'Hardoi', 31, '2024-08-31 16:12:21', '2024-08-31 16:12:21'),
(157, 'Gopamau (Scheduled Caste)', 31, '2024-08-31 16:12:21', '2024-08-31 16:12:21'),
(158, 'Sandi (Scheduled Caste)', 31, '2024-08-31 16:12:21', '2024-08-31 16:12:21'),
(159, 'Bilgram-Mallawan', 32, '2024-08-31 16:12:21', '2024-08-31 16:12:21'),
(160, 'Mishrik (Scheduled Caste)', 32, '2024-08-31 16:12:21', '2024-08-31 16:12:21'),
(161, 'Sandila', 32, '2024-08-31 16:12:21', '2024-08-31 16:12:21'),
(162, 'Bangarmau', 33, '2024-08-31 16:12:21', '2024-08-31 16:12:21'),
(163, 'Safiapur (Scheduled Caste)', 33, '2024-08-31 16:12:21', '2024-08-31 16:12:21'),
(164, 'Mohan (Scheduled Caste)', 33, '2024-08-31 16:12:21', '2024-08-31 16:12:21'),
(165, 'Unnao', 33, '2024-08-31 16:12:21', '2024-08-31 16:12:21'),
(166, 'Bhagwantnagar', 33, '2024-08-31 16:12:21', '2024-08-31 16:12:21'),
(167, 'Purwa', 33, '2024-08-31 16:12:21', '2024-08-31 16:12:21'),
(168, 'Malihabad (Scheduled Caste)', 34, '2024-08-31 16:12:21', '2024-08-31 16:12:21'),
(169, 'Bakshi Ka Talab', 34, '2024-08-31 16:12:21', '2024-08-31 16:12:21'),
(170, 'Sarojini Nagar', 34, '2024-08-31 16:12:21', '2024-08-31 16:12:21'),
(171, 'Lucknow (West)', 35, '2024-08-31 16:12:21', '2024-08-31 16:12:21'),
(172, 'Lucknow North', 35, '2024-08-31 16:12:21', '2024-08-31 16:12:21'),
(173, 'Lucknow East', 35, '2024-08-31 16:12:21', '2024-08-31 16:12:21'),
(174, 'Lucknow Central', 35, '2024-08-31 16:12:21', '2024-08-31 16:12:21'),
(175, 'Lucknow Cantonment', 35, '2024-08-31 16:12:21', '2024-08-31 16:12:21'),
(176, 'Mohannlalganj (Scheduled Caste)', 34, '2024-08-31 16:12:21', '2024-08-31 16:12:21'),
(177, 'Bachharawa (Scheduled Caste)', 36, '2024-08-31 16:12:21', '2024-08-31 16:12:21'),
(178, 'Tiloia', 37, '2024-08-31 16:12:21', '2024-08-31 16:12:21'),
(179, 'Harachandpur', 36, '2024-08-31 16:12:21', '2024-08-31 16:12:21'),
(180, 'Raebareli', 36, '2024-08-31 16:12:21', '2024-08-31 16:12:21'),
(181, 'Salon (Scheduled Caste)', 37, '2024-08-31 16:12:21', '2024-08-31 16:12:21'),
(182, 'Sareni', 36, '2024-08-31 16:12:21', '2024-08-31 16:12:21'),
(183, 'Ouchahar', 36, '2024-08-31 16:12:21', '2024-08-31 16:12:21'),
(184, 'Jagdishpur (Scheduled Caste)', 37, '2024-08-31 16:12:21', '2024-08-31 16:12:21'),
(185, 'Gauriganj', 37, '2024-08-31 16:12:21', '2024-08-31 16:12:21'),
(186, 'Amethi', 37, '2024-08-31 16:12:21', '2024-08-31 16:12:21'),
(187, 'Isauhli', 38, '2024-08-31 16:12:21', '2024-08-31 16:12:21'),
(188, 'Sultanpur', 38, '2024-08-31 16:12:21', '2024-08-31 16:12:21'),
(189, 'Sadar', 38, '2024-08-31 16:12:21', '2024-08-31 16:12:21'),
(190, 'Lambhua', 38, '2024-08-31 16:12:21', '2024-08-31 16:12:21'),
(191, 'Kadipur (Scheduled Caste)', 38, '2024-08-31 16:12:21', '2024-08-31 16:12:21'),
(192, 'Kayamganj (Scheduled Caste)', 40, '2024-08-31 16:12:21', '2024-08-31 16:12:21'),
(193, 'Amritpur', 40, '2024-08-31 16:12:21', '2024-08-31 16:12:21'),
(194, 'Farrukhabad', 40, '2024-08-31 16:12:21', '2024-08-31 16:12:21'),
(195, 'Bhojpur', 40, '2024-08-31 16:12:21', '2024-08-31 16:12:21'),
(196, 'Chibramau', 42, '2024-08-31 16:12:21', '2024-08-31 16:12:21'),
(197, 'Tirwa', 42, '2024-08-31 16:12:21', '2024-08-31 16:12:21'),
(198, 'Kannauj (Scheduled Caste)', 42, '2024-08-31 16:12:21', '2024-08-31 16:12:21'),
(199, 'Jaswantnagar', 21, '2024-08-31 16:12:21', '2024-08-31 16:12:21'),
(200, 'Etawah', 41, '2024-08-31 16:12:21', '2024-08-31 16:12:21'),
(201, 'Bharthana (Scheduled Caste)', 41, '2024-08-31 16:14:03', '2024-08-31 16:14:03'),
(202, 'Bidhoona', 42, '2024-08-31 16:14:03', '2024-08-31 16:14:03'),
(203, 'Dibiapur', 41, '2024-08-31 16:14:03', '2024-08-31 16:14:03'),
(204, 'Auraiya (Scheduled Caste)', 41, '2024-08-31 16:14:03', '2024-08-31 16:14:03'),
(205, 'Rasoolabad (Scheduled Caste)', 42, '2024-08-31 16:14:03', '2024-08-31 16:14:03'),
(206, 'Akbarpur-Raniya', 44, '2024-08-31 16:14:03', '2024-08-31 16:14:03'),
(207, 'Sikandra', 41, '2024-08-31 16:14:03', '2024-08-31 16:14:03'),
(208, 'Bhognipur', 45, '2024-08-31 16:14:03', '2024-08-31 16:14:03'),
(209, 'Bilhaur (Scheduled Caste)', 32, '2024-08-31 16:14:03', '2024-08-31 16:14:03'),
(210, 'Bithoor', 44, '2024-08-31 16:14:03', '2024-08-31 16:14:03'),
(211, 'Kalyanpur', 44, '2024-08-31 16:14:03', '2024-08-31 16:14:03'),
(212, 'Govindnagar', 43, '2024-08-31 16:14:03', '2024-08-31 16:14:03'),
(213, 'Sisaamau', 43, '2024-08-31 16:14:03', '2024-08-31 16:14:03'),
(214, 'Arya Nagar', 43, '2024-08-31 16:14:03', '2024-08-31 16:14:03'),
(215, 'Kidwai Nagar', 43, '2024-08-31 16:14:03', '2024-08-31 16:14:03'),
(216, 'Kanpur Cantonment', 43, '2024-08-31 16:14:03', '2024-08-31 16:14:03'),
(217, 'Maharajpur', 44, '2024-08-31 16:14:03', '2024-08-31 16:14:03'),
(218, 'Ghatampur (Scheduled Caste)', 44, '2024-08-31 16:14:03', '2024-08-31 16:14:03'),
(219, 'Madhaugadh', 45, '2024-08-31 16:14:03', '2024-08-31 16:14:03'),
(220, 'Kalpi', 45, '2024-08-31 16:14:03', '2024-08-31 16:14:03'),
(221, 'Urai (Scheduled Caste)', 45, '2024-08-31 16:14:03', '2024-08-31 16:14:03'),
(222, 'Babina', 46, '2024-08-31 16:14:03', '2024-08-31 16:14:03'),
(223, 'Jhansi Nagar', 46, '2024-08-31 16:14:03', '2024-08-31 16:14:03'),
(224, 'Mau Ranipur (Scheduled Caste)', 46, '2024-08-31 16:14:03', '2024-08-31 16:14:03'),
(225, 'Garohta', 45, '2024-08-31 16:14:03', '2024-08-31 16:14:03'),
(226, 'Lalitpur', 46, '2024-08-31 16:14:03', '2024-08-31 16:14:03'),
(227, 'Mahroni (Scheduled Caste)', 46, '2024-08-31 16:14:03', '2024-08-31 16:14:03'),
(228, 'Hamirpur', 47, '2024-08-31 16:14:03', '2024-08-31 16:14:03'),
(229, 'Rath (Scheduled Caste)', 47, '2024-08-31 16:14:03', '2024-08-31 16:14:03'),
(230, 'Mahoba', 47, '2024-08-31 16:14:03', '2024-08-31 16:14:03'),
(231, 'Charkhari', 47, '2024-08-31 16:14:03', '2024-08-31 16:14:03'),
(232, 'Tindwari', 47, '2024-08-31 16:14:03', '2024-08-31 16:14:03'),
(233, 'Baberu', 48, '2024-08-31 16:14:03', '2024-08-31 16:14:03'),
(234, 'Nerainy (Scheduled Caste)', 48, '2024-08-31 16:14:03', '2024-08-31 16:14:03'),
(235, 'Banda', 48, '2024-08-31 16:14:03', '2024-08-31 16:14:03'),
(236, 'Chitrakoot', 48, '2024-08-31 16:14:03', '2024-08-31 16:14:03'),
(237, 'Manikpur', 48, '2024-08-31 16:14:03', '2024-08-31 16:14:03'),
(238, 'Jahanabad', 49, '2024-08-31 16:14:03', '2024-08-31 16:14:03'),
(239, 'Bindki', 49, '2024-08-31 16:14:03', '2024-08-31 16:14:03'),
(240, 'Fatehpur', 49, '2024-08-31 16:14:03', '2024-08-31 16:14:03'),
(241, 'Ayah Shah', 49, '2024-08-31 16:14:03', '2024-08-31 16:14:03'),
(242, 'Husainganj', 49, '2024-08-31 16:14:03', '2024-08-31 16:14:03'),
(243, 'Khaga (Scheduled Caste)', 49, '2024-08-31 16:14:03', '2024-08-31 16:14:03'),
(244, 'Rampur Khas', 39, '2024-08-31 16:14:03', '2024-08-31 16:14:03'),
(245, 'Babaganj (Scheduled Caste)', 50, '2024-08-31 16:14:03', '2024-08-31 16:14:03'),
(246, 'Kunda', 50, '2024-08-31 16:14:03', '2024-08-31 16:14:03'),
(247, 'Vishwanathganj', 39, '2024-08-31 16:14:03', '2024-08-31 16:14:03'),
(248, 'Pratapgarh', 39, '2024-08-31 16:14:03', '2024-08-31 16:14:03'),
(249, 'Patti', 39, '2024-08-31 16:14:03', '2024-08-31 16:14:03'),
(250, 'Raninganj', 39, '2024-08-31 16:14:03', '2024-08-31 16:14:03'),
(251, 'Sirathu', 50, '2024-08-31 16:14:03', '2024-08-31 16:14:03'),
(252, 'Manjhnapur (Scheduled Caste)', 50, '2024-08-31 16:14:03', '2024-08-31 16:14:03'),
(253, 'Chail', 50, '2024-08-31 16:14:03', '2024-08-31 16:14:03'),
(254, 'Fafamau', 51, '2024-08-31 16:14:03', '2024-08-31 16:14:03'),
(255, 'Soraon (Scheduled Caste)', 51, '2024-08-31 16:14:03', '2024-08-31 16:14:03'),
(256, 'Phoolpur', 51, '2024-08-31 16:14:03', '2024-08-31 16:14:03'),
(257, 'Pratappur', 78, '2024-08-31 16:14:03', '2024-08-31 16:14:03'),
(258, 'Handia', 78, '2024-08-31 16:14:03', '2024-08-31 16:14:03'),
(259, 'Meza', 52, '2024-08-31 16:14:03', '2024-08-31 16:14:03'),
(260, 'Karchhana', 52, '2024-08-31 16:14:03', '2024-08-31 16:14:03'),
(261, 'Allahabad West', 51, '2024-08-31 16:14:03', '2024-08-31 16:14:03'),
(262, 'Allahabad North', 51, '2024-08-31 16:14:03', '2024-08-31 16:14:03'),
(263, 'Allahabad South', 52, '2024-08-31 16:14:03', '2024-08-31 16:14:03'),
(264, 'Bara (Scheduled Caste)', 52, '2024-08-31 16:14:03', '2024-08-31 16:14:03'),
(265, 'Koraon (Scheduled Caste)', 52, '2024-08-31 16:14:03', '2024-08-31 16:14:03'),
(266, 'Kursi', 53, '2024-08-31 16:14:03', '2024-08-31 16:14:03'),
(267, 'Ram Nagar', 53, '2024-08-31 16:14:03', '2024-08-31 16:14:03'),
(268, 'Barabanki', 53, '2024-08-31 16:14:03', '2024-08-31 16:14:03'),
(269, 'Jaipur (Scheduled Caste)', 53, '2024-08-31 16:14:03', '2024-08-31 16:14:03'),
(270, 'Dariyabad', 54, '2024-08-31 16:14:03', '2024-08-31 16:14:03'),
(271, 'Rudauali', 54, '2024-08-31 16:14:03', '2024-08-31 16:14:03'),
(272, 'Haidergarh (Scheduled Caste)', 53, '2024-08-31 16:14:03', '2024-08-31 16:14:03'),
(273, 'Milkipur (Scheduled Caste)', 54, '2024-08-31 16:14:03', '2024-08-31 16:14:03'),
(274, 'Bikapur', 54, '2024-08-31 16:14:03', '2024-08-31 16:14:03'),
(275, 'Ayodhya', 54, '2024-08-31 16:14:03', '2024-08-31 16:14:03'),
(276, 'Goshain Ganj', 55, '2024-08-31 16:14:03', '2024-08-31 16:14:03'),
(277, 'Katehari', 55, '2024-08-31 16:14:03', '2024-08-31 16:14:03'),
(278, 'Tanda', 55, '2024-08-31 16:14:03', '2024-08-31 16:14:03'),
(279, 'Alapur (Scheduled Caste)', 62, '2024-08-31 16:14:03', '2024-08-31 16:14:03'),
(280, 'Jalalpur', 55, '2024-08-31 16:14:03', '2024-08-31 16:14:03'),
(281, 'Akbarpur', 55, '2024-08-31 16:14:03', '2024-08-31 16:14:03'),
(282, 'Balha (Scheduled Caste)', 56, '2024-08-31 16:14:03', '2024-08-31 16:14:03'),
(283, 'Nanpara', 56, '2024-08-31 16:14:03', '2024-08-31 16:14:03'),
(284, 'Matera', 56, '2024-08-31 16:14:03', '2024-08-31 16:14:03'),
(285, 'Mahsi', 56, '2024-08-31 16:14:03', '2024-08-31 16:14:03'),
(286, 'Bahraich', 56, '2024-08-31 16:14:03', '2024-08-31 16:14:03'),
(287, 'Payagpur', 57, '2024-08-31 16:14:03', '2024-08-31 16:14:03'),
(288, 'Kaiser Ganj', 57, '2024-08-31 16:14:03', '2024-08-31 16:14:03'),
(289, 'Bhinga', 58, '2024-08-31 16:14:03', '2024-08-31 16:14:03'),
(290, 'Shrawasti', 58, '2024-08-31 16:14:03', '2024-08-31 16:14:03'),
(291, 'Tulsi Pur', 58, '2024-08-31 16:14:03', '2024-08-31 16:14:03'),
(292, 'Gainsadi', 58, '2024-08-31 16:14:03', '2024-08-31 16:14:03'),
(293, 'Utraula', 59, '2024-08-31 16:14:03', '2024-08-31 16:14:03'),
(294, 'Balrampur (Scheduled Caste)', 58, '2024-08-31 16:14:03', '2024-08-31 16:14:03'),
(295, 'Mehnaun', 59, '2024-08-31 16:14:03', '2024-08-31 16:14:03'),
(296, 'Gonda', 59, '2024-08-31 16:14:03', '2024-08-31 16:14:03'),
(297, 'Katra Bazaar', 57, '2024-08-31 16:14:03', '2024-08-31 16:14:03'),
(298, 'Karnalganj', 57, '2024-08-31 16:14:03', '2024-08-31 16:14:03'),
(299, 'Tarabganj', 57, '2024-08-31 16:14:03', '2024-08-31 16:14:03'),
(300, 'Mankapur (Scheduled Caste)', 59, '2024-08-31 16:14:03', '2024-08-31 16:14:03'),
(301, 'Goura', 59, '2024-08-31 16:16:05', '2024-08-31 16:16:05'),
(302, 'Shohratgarh', 60, '2024-08-31 16:16:05', '2024-08-31 16:16:05'),
(303, 'Kapilvastu (Scheduled Caste)', 60, '2024-08-31 16:16:05', '2024-08-31 16:16:05'),
(304, 'Bansi', 60, '2024-08-31 16:16:05', '2024-08-31 16:16:05'),
(305, 'Itwa', 60, '2024-08-31 16:16:05', '2024-08-31 16:16:05'),
(306, 'Dumariyaganj', 60, '2024-08-31 16:16:05', '2024-08-31 16:16:05'),
(307, 'Harriya', 61, '2024-08-31 16:16:05', '2024-08-31 16:16:05'),
(308, 'Kaptanganj', 61, '2024-08-31 16:16:05', '2024-08-31 16:16:05'),
(309, 'Rudhuli', 61, '2024-08-31 16:16:05', '2024-08-31 16:16:05'),
(310, 'Basti Sadar', 61, '2024-08-31 16:16:05', '2024-08-31 16:16:05'),
(311, 'Mahadeva (Scheduled Caste)', 61, '2024-08-31 16:16:05', '2024-08-31 16:16:05'),
(312, 'Mehndawal', 62, '2024-08-31 16:16:05', '2024-08-31 16:16:05'),
(313, 'Khalilabad', 62, '2024-08-31 16:16:05', '2024-08-31 16:16:05'),
(314, 'Danghata (Scheduled Caste)', 62, '2024-08-31 16:16:05', '2024-08-31 16:16:05'),
(315, 'Farenda', 63, '2024-08-31 16:16:05', '2024-08-31 16:16:05'),
(316, 'Nautanwa', 63, '2024-08-31 16:16:05', '2024-08-31 16:16:05'),
(317, 'Siswa', 63, '2024-08-31 16:16:05', '2024-08-31 16:16:05'),
(318, 'Maharajganj (Scheduled Caste)', 63, '2024-08-31 16:16:05', '2024-08-31 16:16:05'),
(319, 'Paniyara', 63, '2024-08-31 16:16:05', '2024-08-31 16:16:05'),
(320, 'Campierganj', 64, '2024-08-31 16:16:05', '2024-08-31 16:16:05'),
(321, 'Pipraich', 64, '2024-08-31 16:16:05', '2024-08-31 16:16:05'),
(322, 'Gorakhpur Urban', 64, '2024-08-31 16:16:05', '2024-08-31 16:16:05'),
(323, 'Gorakhpur Rural', 64, '2024-08-31 16:16:05', '2024-08-31 16:16:05'),
(324, 'Sahjanwa', 64, '2024-08-31 16:16:05', '2024-08-31 16:16:05'),
(325, 'Khajni (Scheduled Caste)', 62, '2024-08-31 16:16:05', '2024-08-31 16:16:05'),
(326, 'Chauri-Chaura', 67, '2024-08-31 16:16:05', '2024-08-31 16:16:05'),
(327, 'Bansgaon (Scheduled Caste)', 67, '2024-08-31 16:16:05', '2024-08-31 16:16:05'),
(328, 'Chillupar', 67, '2024-08-31 16:16:05', '2024-08-31 16:16:05'),
(329, 'Khadda', 65, '2024-08-31 16:16:05', '2024-08-31 16:16:05'),
(330, 'Padrauna', 65, '2024-08-31 16:16:05', '2024-08-31 16:16:05'),
(331, 'Tamkuhi Raj', 66, '2024-08-31 16:16:05', '2024-08-31 16:16:05'),
(332, 'Fazilnagar', 66, '2024-08-31 16:16:05', '2024-08-31 16:16:05'),
(333, 'Kushinagar', 65, '2024-08-31 16:16:05', '2024-08-31 16:16:05'),
(334, 'Hata', 65, '2024-08-31 16:16:05', '2024-08-31 16:16:05'),
(335, 'Ramkola (Scheduled Caste)', 65, '2024-08-31 16:16:05', '2024-08-31 16:16:05'),
(336, 'Rudrapur', 67, '2024-08-31 16:16:05', '2024-08-31 16:16:05'),
(337, 'Deoria', 66, '2024-08-31 16:16:05', '2024-08-31 16:16:05'),
(338, 'Pathardeva', 66, '2024-08-31 16:16:05', '2024-08-31 16:16:05'),
(339, 'Rampur Karkhana', 66, '2024-08-31 16:16:05', '2024-08-31 16:16:05'),
(340, 'Bhatpar Rani', 71, '2024-08-31 16:16:05', '2024-08-31 16:16:05'),
(341, 'Salempur (Scheduled Caste)', 71, '2024-08-31 16:16:05', '2024-08-31 16:16:05'),
(342, 'Barhaj', 67, '2024-08-31 16:16:05', '2024-08-31 16:16:05'),
(343, 'Atarrauliya', 68, '2024-08-31 16:16:05', '2024-08-31 16:16:05'),
(344, 'Gopalpur', 69, '2024-08-31 16:16:05', '2024-08-31 16:16:05'),
(345, 'Sagdee', 69, '2024-08-31 16:16:05', '2024-08-31 16:16:05'),
(346, 'Mubarakpur', 69, '2024-08-31 16:16:05', '2024-08-31 16:16:05'),
(347, 'Azamgarh', 69, '2024-08-31 16:16:05', '2024-08-31 16:16:05'),
(348, 'Nizamabad', 68, '2024-08-31 16:16:05', '2024-08-31 16:16:05'),
(349, 'Phoolpur Pavoi', 68, '2024-08-31 16:16:05', '2024-08-31 16:16:05'),
(350, 'Didarganj', 68, '2024-08-31 16:16:05', '2024-08-31 16:16:05'),
(351, 'Lalganj (Scheduled Caste)', 68, '2024-08-31 16:16:05', '2024-08-31 16:16:05'),
(352, 'Mehnagar (Scheduled Caste)', 69, '2024-08-31 16:16:05', '2024-08-31 16:16:05'),
(353, 'Madhuban', 70, '2024-08-31 16:16:05', '2024-08-31 16:16:05'),
(354, 'Ghosi', 70, '2024-08-31 16:16:05', '2024-08-31 16:16:05'),
(355, 'Mohammadabad-Gohna (Scheduled Caste)', 70, '2024-08-31 16:16:05', '2024-08-31 16:16:05'),
(356, 'Mau', 70, '2024-08-31 16:16:05', '2024-08-31 16:16:05'),
(357, 'Belthara Road (Scheduled Caste)', 71, '2024-08-31 16:16:05', '2024-08-31 16:16:05'),
(358, 'Rasda', 70, '2024-08-31 16:16:05', '2024-08-31 16:16:05'),
(359, 'Sikanderpur', 71, '2024-08-31 16:16:05', '2024-08-31 16:16:05'),
(360, 'Fephna', 72, '2024-08-31 16:16:05', '2024-08-31 16:16:05'),
(361, 'Ballia Nagar', 72, '2024-08-31 16:16:05', '2024-08-31 16:16:05'),
(362, 'Bansdih', 71, '2024-08-31 16:16:05', '2024-08-31 16:16:05'),
(363, 'Bairia', 72, '2024-08-31 16:16:05', '2024-08-31 16:16:05'),
(364, 'Badlapur', 73, '2024-08-31 16:16:05', '2024-08-31 16:16:05'),
(365, 'Shahganj', 73, '2024-08-31 16:16:05', '2024-08-31 16:16:05'),
(366, 'Jaunpur', 73, '2024-08-31 16:16:05', '2024-08-31 16:16:05'),
(367, 'Malhani', 73, '2024-08-31 16:16:05', '2024-08-31 16:16:05'),
(368, 'Mungra Badshahpur', 73, '2024-08-31 16:16:05', '2024-08-31 16:16:05'),
(369, 'Machlishahr (Scheduled Caste)', 74, '2024-08-31 16:16:05', '2024-08-31 16:16:05'),
(370, 'Madiyahu', 74, '2024-08-31 16:16:05', '2024-08-31 16:16:05'),
(371, 'Jafrabad', 74, '2024-08-31 16:16:05', '2024-08-31 16:16:05'),
(372, 'Kerakat (Scheduled Caste)', 74, '2024-08-31 16:16:05', '2024-08-31 16:16:05'),
(373, 'Jakhania', 75, '2024-08-31 16:16:05', '2024-08-31 16:16:05'),
(374, 'Saidpur (Scheduled Caste)', 75, '2024-08-31 16:16:05', '2024-08-31 16:16:05'),
(375, 'Ghazipur', 75, '2024-08-31 16:16:05', '2024-08-31 16:16:05'),
(376, 'Jangipur (Scheduled Caste)', 75, '2024-08-31 16:16:05', '2024-08-31 16:16:05'),
(377, 'Jahurabad', 72, '2024-08-31 16:16:05', '2024-08-31 16:16:05'),
(378, 'Mohammadabad', 72, '2024-08-31 16:16:05', '2024-08-31 16:16:05'),
(379, 'Zamania', 75, '2024-08-31 16:16:05', '2024-08-31 16:16:05'),
(380, 'Mugalsarai', 76, '2024-08-31 16:16:05', '2024-08-31 16:16:05'),
(381, 'Sakaldiha', 76, '2024-08-31 16:16:05', '2024-08-31 16:16:05'),
(382, 'Saiyadraja', 76, '2024-08-31 16:16:05', '2024-08-31 16:16:05'),
(383, 'Chakia (Scheduled Caste)', 80, '2024-08-31 16:16:05', '2024-08-31 16:16:05'),
(384, 'Pindra', 74, '2024-08-31 16:16:05', '2024-08-31 16:16:05'),
(385, 'Ajgara (Scheduled Caste)', 76, '2024-08-31 16:16:05', '2024-08-31 16:16:05'),
(386, 'Shivpur', 76, '2024-08-31 16:16:05', '2024-08-31 16:16:05'),
(387, 'Rohaniya', 77, '2024-08-31 16:16:05', '2024-08-31 16:16:05'),
(388, 'Varanasi North', 77, '2024-08-31 16:16:05', '2024-08-31 16:16:05'),
(389, 'Varanasi South', 77, '2024-08-31 16:16:05', '2024-08-31 16:16:05'),
(390, 'Varanasi Cantonment', 77, '2024-08-31 16:16:05', '2024-08-31 16:16:05'),
(391, 'Sevapuri', 77, '2024-08-31 16:16:05', '2024-08-31 16:16:05'),
(392, 'Bhadohi', 78, '2024-08-31 16:16:05', '2024-08-31 16:16:05'),
(393, 'Gyanpur', 78, '2024-08-31 16:16:05', '2024-08-31 16:16:05'),
(394, 'Auraiya (Scheduled Caste)', 78, '2024-08-31 16:16:05', '2024-08-31 16:16:05'),
(395, 'Chhanbe (Scheduled Caste)', 79, '2024-08-31 16:16:05', '2024-08-31 16:16:05'),
(396, 'Mirzapur', 79, '2024-08-31 16:16:05', '2024-08-31 16:16:05'),
(397, 'Majhwan', 79, '2024-08-31 16:16:05', '2024-08-31 16:16:05'),
(398, 'Chunar', 79, '2024-08-31 16:16:05', '2024-08-31 16:16:05'),
(399, 'Marihna', 79, '2024-08-31 16:16:05', '2024-08-31 16:16:05'),
(400, 'Ghorawal', 80, '2024-08-31 16:16:05', '2024-08-31 16:16:05'),
(401, 'Robertsganj', 80, '2024-08-31 16:16:05', '2024-08-31 16:16:05'),
(402, 'Obra', 80, '2024-08-31 16:16:05', '2024-08-31 16:16:05'),
(403, 'Duddhi (Scheduled Caste)', 80, '2024-08-31 16:16:05', '2024-08-31 16:16:05'),
(404, 'Nil', 81, '2024-09-26 23:00:50', '2024-09-26 23:00:50');

--
-- Indexes for dumped tables
--

--
-- Indexes for table `blocks`
--
ALTER TABLE `blocks`
  ADD PRIMARY KEY (`id`),
  ADD KEY `district_id` (`district_id`),
  ADD KEY `add_by` (`add_by`);

--
-- Indexes for table `districts`
--
ALTER TABLE `districts`
  ADD PRIMARY KEY (`id`),
  ADD KEY `state_id` (`state_id`);

--
-- Indexes for table `loksabha`
--
ALTER TABLE `loksabha`
  ADD PRIMARY KEY (`id`),
  ADD KEY `state_id` (`state_id`);

--
-- Indexes for table `members`
--
ALTER TABLE `members`
  ADD PRIMARY KEY (`id`),
  ADD KEY `education_id` (`education_id`),
  ADD KEY `state_id` (`state_id`),
  ADD KEY `loksabha_id` (`loksabha_id`),
  ADD KEY `organization_id` (`organization_id`),
  ADD KEY `district_id` (`district_id`),
  ADD KEY `block_id` (`block_id`),
  ADD KEY `ref_by` (`ref_by`),
  ADD KEY `designation` (`role_id`),
  ADD KEY `vidhansabha_id` (`vidhansabha_id`);

--
-- Indexes for table `notifications`
--
ALTER TABLE `notifications`
  ADD PRIMARY KEY (`id`);

--
-- Indexes for table `organization`
--
ALTER TABLE `organization`
  ADD PRIMARY KEY (`id`);

--
-- Indexes for table `permissions`
--
ALTER TABLE `permissions`
  ADD PRIMARY KEY (`id`);

--
-- Indexes for table `qualification`
--
ALTER TABLE `qualification`
  ADD PRIMARY KEY (`id`);

--
-- Indexes for table `role`
--
ALTER TABLE `role`
  ADD PRIMARY KEY (`id`);

--
-- Indexes for table `states`
--
ALTER TABLE `states`
  ADD PRIMARY KEY (`id`);

--
-- Indexes for table `users`
--
ALTER TABLE `users`
  ADD PRIMARY KEY (`id`),
  ADD KEY `organization_id` (`organization_id`),
  ADD KEY `authority_id` (`role_id`),
  ADD KEY `ref_by` (`ref_by`),
  ADD KEY `member_id` (`member_id`);

--
-- Indexes for table `vidhansabha`
--
ALTER TABLE `vidhansabha`
  ADD PRIMARY KEY (`id`),
  ADD KEY `loksabha_id` (`loksabha_id`);

--
-- AUTO_INCREMENT for dumped tables
--

--
-- AUTO_INCREMENT for table `blocks`
--
ALTER TABLE `blocks`
  MODIFY `id` int(11) NOT NULL AUTO_INCREMENT, AUTO_INCREMENT=839;

--
-- AUTO_INCREMENT for table `districts`
--
ALTER TABLE `districts`
  MODIFY `id` int(11) NOT NULL AUTO_INCREMENT, AUTO_INCREMENT=77;

--
-- AUTO_INCREMENT for table `loksabha`
--
ALTER TABLE `loksabha`
  MODIFY `id` int(11) NOT NULL AUTO_INCREMENT, AUTO_INCREMENT=82;

--
-- AUTO_INCREMENT for table `members`
--
ALTER TABLE `members`
  MODIFY `id` int(11) NOT NULL AUTO_INCREMENT, AUTO_INCREMENT=108;

--
-- AUTO_INCREMENT for table `notifications`
--
ALTER TABLE `notifications`
  MODIFY `id` int(11) NOT NULL AUTO_INCREMENT;

--
-- AUTO_INCREMENT for table `organization`
--
ALTER TABLE `organization`
  MODIFY `id` int(11) NOT NULL AUTO_INCREMENT, AUTO_INCREMENT=15;

--
-- AUTO_INCREMENT for table `permissions`
--
ALTER TABLE `permissions`
  MODIFY `id` int(11) NOT NULL AUTO_INCREMENT;

--
-- AUTO_INCREMENT for table `qualification`
--
ALTER TABLE `qualification`
  MODIFY `id` int(11) NOT NULL AUTO_INCREMENT, AUTO_INCREMENT=9;

--
-- AUTO_INCREMENT for table `role`
--
ALTER TABLE `role`
  MODIFY `id` int(11) NOT NULL AUTO_INCREMENT, AUTO_INCREMENT=38;

--
-- AUTO_INCREMENT for table `states`
--
ALTER TABLE `states`
  MODIFY `id` int(11) NOT NULL AUTO_INCREMENT, AUTO_INCREMENT=4;

--
-- AUTO_INCREMENT for table `users`
--
ALTER TABLE `users`
  MODIFY `id` int(11) NOT NULL AUTO_INCREMENT, AUTO_INCREMENT=7;

--
-- AUTO_INCREMENT for table `vidhansabha`
--
ALTER TABLE `vidhansabha`
  MODIFY `id` int(11) NOT NULL AUTO_INCREMENT, AUTO_INCREMENT=405;

--
-- Constraints for dumped tables
--

--
-- Constraints for table `blocks`
--
ALTER TABLE `blocks`
  ADD CONSTRAINT `blocks_ibfk_1` FOREIGN KEY (`district_id`) REFERENCES `districts` (`id`),
  ADD CONSTRAINT `blocks_ibfk_2` FOREIGN KEY (`add_by`) REFERENCES `users` (`id`);

--
-- Constraints for table `districts`
--
ALTER TABLE `districts`
  ADD CONSTRAINT `districts_ibfk_1` FOREIGN KEY (`state_id`) REFERENCES `states` (`id`);

--
-- Constraints for table `loksabha`
--
ALTER TABLE `loksabha`
  ADD CONSTRAINT `loksabha_ibfk_1` FOREIGN KEY (`state_id`) REFERENCES `states` (`id`);

--
-- Constraints for table `members`
--
ALTER TABLE `members`
  ADD CONSTRAINT `members_ibfk_1` FOREIGN KEY (`block_id`) REFERENCES `blocks` (`id`),
  ADD CONSTRAINT `members_ibfk_10` FOREIGN KEY (`vidhansabha_id`) REFERENCES `vidhansabha` (`id`),
  ADD CONSTRAINT `members_ibfk_2` FOREIGN KEY (`education_id`) REFERENCES `qualification` (`id`),
  ADD CONSTRAINT `members_ibfk_3` FOREIGN KEY (`state_id`) REFERENCES `states` (`id`),
  ADD CONSTRAINT `members_ibfk_4` FOREIGN KEY (`loksabha_id`) REFERENCES `loksabha` (`id`),
  ADD CONSTRAINT `members_ibfk_5` FOREIGN KEY (`organization_id`) REFERENCES `organization` (`id`),
  ADD CONSTRAINT `members_ibfk_6` FOREIGN KEY (`district_id`) REFERENCES `districts` (`id`),
  ADD CONSTRAINT `members_ibfk_8` FOREIGN KEY (`ref_by`) REFERENCES `users` (`id`),
  ADD CONSTRAINT `members_ibfk_9` FOREIGN KEY (`role_id`) REFERENCES `role` (`id`);

--
-- Constraints for table `users`
--
ALTER TABLE `users`
  ADD CONSTRAINT `users_ibfk_1` FOREIGN KEY (`organization_id`) REFERENCES `organization` (`id`),
  ADD CONSTRAINT `users_ibfk_2` FOREIGN KEY (`role_id`) REFERENCES `role` (`id`),
  ADD CONSTRAINT `users_ibfk_3` FOREIGN KEY (`ref_by`) REFERENCES `users` (`id`),
  ADD CONSTRAINT `users_ibfk_4` FOREIGN KEY (`member_id`) REFERENCES `members` (`id`);

--
-- Constraints for table `vidhansabha`
--
ALTER TABLE `vidhansabha`
  ADD CONSTRAINT `vidhansabha_ibfk_1` FOREIGN KEY (`loksabha_id`) REFERENCES `loksabha` (`id`);
COMMIT;

/*!40101 SET CHARACTER_SET_CLIENT=@OLD_CHARACTER_SET_CLIENT */;
/*!40101 SET CHARACTER_SET_RESULTS=@OLD_CHARACTER_SET_RESULTS */;
/*!40101 SET COLLATION_CONNECTION=@OLD_COLLATION_CONNECTION */;
